{"display_name": "Internal health metric", "time_span": 1000, "values": [61.950724795649684, 83.49711483724049, 73.17603832477896, 76.4045316422988, 77.64615164425913, 74.08528515481048, 71.6210619885309, 81.63243803770419, 83.45506414811551, 80.40621735826224, 65.77662250064344, 77.89730421894382, 87.27079492938617, 82.10326977210443, 80.03722173043873, 70.31982279572105, 70.01711374769789, 74.16331246025652, 71.17022194948008, 92.1721557528689, 68.60720774571966, 73.47089900019814, 87.05940567696513, 72.92246273207729, 71.2673361707783, 86.41682020300554, 88.49923647979685, 90.17972892596944, 90.3497454904346, 73.96520821150523, 81.1756512194983, 75.69637544188366, 81.35918514107215, 81.43189657025391, 73.48816260972322, 74.97969204871853, 84.46873966677538, 71.31315167035049, 73.89400231390927, 88.77742849395375, 87.2860619472702, 93.24993451667682, 90.10778621520286, 76.5761426131543, 80.64021942405475, 89.81659653238063, 71.11848685383386, 85.82619196938366, 95.72368125368351, 89.68285097681198, 75.72715784381583, 87.80450531211842, 79.09617410080405, 83.9984577746916, 81.87927801900291, 72.52689883573079, 73.08854078330278, 70.37445464926506, 91.36999113204564, 75.67942518691922, 92.94336344934277, 82.78629192607166, 77.23323456170293, 96.16589081292238, 70.1893683250514, 69.31168381377239, 79.61656109025134, 73.26460234446287, 75.71725354751312, 81.54412899323103, 85.89488219581908, 84.54442741668429, 79.33356761889533, 68.84042925695226, 85.13602590803339, 87.54823244529416, 76.48831384932194, 81.16394965716286, 85.80936401271674, 74.95339896773604, 80.23025410532406, 65.61434156210231, 71.37080334676509, 87.47411719169075, 67.36808484066614, 70.7053585484901, 83.8523439969496, 88.1918719656185, 81.3526729382081, 71.35363540920551, 87.03632469538987, 87.36714413961796, 87.32459006332293, 79.28780579879836, 73.35350856412126, 80.69173482454664, 86.11173323819176, 82.22428960502212, 65.61792728007535, 80.57981853247985, 67.52354702805573, 83.10341368785816, 81.23811039735074, 72.71798227362548, 85.89781752433068, 98.49542833343024, 87.86091461552566, 74.37556406546558, 94.9558671436003, 74.15196516932926, 69.62186438640708, 93.93034733468966, 67.3896934596821, 75.57310234092614, 87.59886440574955, 78.56100516139813, 59.99657061255459, 79.9115761003312, 87.85267913943332, 95.74381247459065, 91.35636128094285, 74.836865646056, 84.10958779098509, 71.93012285676848, 77.35171412082951, 69.82140348145396, 101.25675221447915, 83.69317312887962, 74.19650611715815, 79.65277772913979, 76.455617822728, 93.07301591579719, 79.08329982203054, 78.60437641051243, 73.31961051355131, 72.86824820688574, 75.56565546507824, 72.57817437844145, 81.43346249626417, 87.80225175775604, 71.35558678705195, 75.68417186782315, 75.56519414107436, 82.91683831561019, 77.7393850211274, 87.12351862106924, 77.70008386804676, 78.04140014497122, 90.78018285346957, 84.54539016815363, 88.25758390839684, 74.9231069608961, 77.84953239819684, 74.29325964394425, 75.1006415643036, 96.03389547221025, 70.77784158553077, 73.141521840732, 80.9288338747585, 85.06598082910068, 77.66349759450978, 83.35493225723326, 75.32350612651103, 73.62447163042071, 87.27762690149271, 84.16735144288221, 71.96406160180045, 83.31955843057312, 82.61256776147597, 76.49095735013222, 66.57024818180108, 83.11449365580194, 77.6817837129295, 82.71211407732469, 83.52755225911937, 92.07321616404231, 65.35467300944319, 89.29663394020109, 83.24425354323573, 95.52592601384359, 90.53113101731665, 83.21590023372423, 80.33981810477773, 70.55373733677871, 77.03894838650997, 77.37578253560302, 99.76695950233488, 65.49991878000579, 86.43458233587212, 69.46017660513141, 80.5637343996446, 79.40247119731596, 87.93914799320822, 89.7138981337282, 73.25343684649765, 69.57814879861738, 75.89191963220594, 87.52856408462887, 76.28014663226897, 94.30517814738076, 83.581917043663, 82.87899808721043, 61.77023368079246, 76.07404586370178, 60.26990031024462, 77.66478341881978, 79.65083973271531, 77.83712122073503, 81.27034246140448, 66.33511996382505, 85.78414170150198, 76.05631351531692, 91.9064035543173, 86.01109464413173, 70.92917467229879, 85.04138896443774, 81.63455405953631, 92.22598198084164, 83.83366964068958, 75.0569747175654, 74.7318859740076, 68.30121213718029, 77.74384095268653, 84.34344690601444, 85.94196170163664, 83.8572110705412, 71.3366730168837, 83.05232331845536, 88.05971359060136, 77.91599813060488, 60.98594320980537, 94.00953528435501, 70.88904313412608, 77.496366001153, 83.72019143026442, 86.05520608434027, 76.52360743881768, 78.67879315776061, 66.86360605556635, 81.99868362982622, 85.6113881584988, 92.3708684270939, 81.60509576239085, 74.05888221255795, 75.90179083861679, 78.16390466683126, 83.45787489988759, 72.33900220145286, 94.80118179729857, 59.57377176057736, 88.94942714702898, 93.54296348977086, 74.04917231006978, 74.40234115626112, 86.92604900425931, 88.00573105171739, 71.46326984429065, 68.87913172453182, 79.51001757395095, 84.62062039832648, 80.50238290658612, 81.07215843420846, 74.61498033592049, 88.51841648974859, 78.13197001184842, 85.22549622146525, 83.67207633375898, 78.142790534725, 62.09194468903259, 71.85589712706849, 65.98623017810928, 73.85980133179169, 81.2554749077893, 87.99900800743958, 77.39820485627014, 67.60543948186864, 81.01610449860067, 86.8457098305131, 91.77540860667904, 97.68970582344323, 85.62413554051678, 95.90925999164187, 81.97684366884472, 76.38791520439605, 90.35517806389775, 86.30375946186525, 86.0586640563549, 89.66940034920873, 72.30484964229176, 83.27658261866075, 92.22347718801676, 103.45400571443047, 83.00202483423857, 83.33938823981183, 80.32606160742066, 71.80249899652175, 83.11564531059331, 73.87993399782191, 53.171667990926665, 73.76329637842353, 68.31959487532593, 86.18305163671994, 67.62469924256717, 94.72792530624471, 81.6362628498271, 63.27757226078835, 69.94628236576732, 94.96637648510108, 60.823115891981104, 69.28993689963923, 90.89188549848276, 70.47332203283469, 75.88591114420389, 79.97636780227509, 64.87782216233666, 93.77901805726937, 80.96431701385568, 70.94513162353873, 68.63822825328802, 69.94282788591629, 88.14354096144426, 76.09385397135695, 73.00981166256504, 68.20138221500711, 86.441171907015, 80.27985006080334, 72.38543979688275, 80.66697236334275, 77.32603355742188, 84.78560309446779, 82.19705383534017, 95.91732330434334, 92.30994649100063, 86.8207683017982, 84.3214443652529, 71.40841743171909, 92.32455522287685, 82.74049804704933, 77.36094444327657, 89.35919061236591, 77.8111814901661, 84.05120896531513, 66.74191049558586, 85.03472396744269, 92.76071344773847, 70.69013106242498, 89.57157383681141, 74.04603762367839, 86.38153900455703, 77.80778523467727, 85.39534866863102, 80.34458668813251, 67.91338608423274, 74.39513786983076, 69.0941294984857, 74.3822105185711, 71.28209563361072, 71.46102225341835, 66.86772459859168, 91.58935032347517, 75.77071106474999, 67.05502450499604, 80.12640412931258, 104.362565418805, 62.65922443218701, 85.40447572764565, 77.55225384563803, 69.0867750091666, 62.83317905354352, 66.1343772597261, 87.89512607115846, 76.32105054647606, 69.73541268342134, 77.57678031598185, 85.73478519765587, 94.14894182305434, 81.99652182504522, 79.47342367651451, 76.95603466514247, 85.15321756201458, 75.99157844178013, 78.78647004278938, 68.39402707245104, 86.78339433788005, 75.98615038440377, 79.45596253510251, 73.1632686934474, 82.006174599219, 90.60129342835619, 93.62552910361805, 83.34939004286501, 82.78920330037705, 76.704288462157, 85.38785750802043, 83.31904294506967, 70.02696263004246, 80.5666672422811, 60.16313254614731, 93.85869110500585, 78.00746513741134, 92.69372452715334, 73.85519999812031, 86.74335952429063, 75.52041625341086, 85.43758298961991, 67.07623559977746, 77.99706939606769, 73.76346810162089, 72.49919181900015, 92.62741339707222, 62.8276486431903, 74.17365972611441, 82.57901046170811, 88.8818236452986, 82.48050236462932, 82.63291777445998, 89.92199378229296, 87.8503259341922, 78.60560000185768, 63.403989461762116, 