{"display_name": "Left motor voltage", "time_span": 1000, "values": [5.854499256888671, 7.72091779941359, 6.908064885537769, 7.597058687030399, 7.377327021714015, 7.381288803410761, 7.097953041517614, 8.316850255600613, 7.041766294095449, 6.4376188947754125, 16.7403121258266605, 6.9466994561903315, 6.772722222637069, 7.274859694984691, 7.4508182988826865, 6.327321141973351, 6.40209536269076, 7.178241625952238, 7.787528169973086, 6.689197206520302, 7.078658593714752, 6.479930219451081, 7.586642754480529, 7.309710838380819, 6.729211669386342, 7.029834881638624, 7.322039238775275, 7.502375195931023, 6.863193257543159, 6.840551282942636, 7.009645952232366, 7.858462140468474, 7.070791477511165, 6.8797550599010835, 6.43110261576127, 6.171235351104451, 7.63949881668407, 7.089550715636032, 7.7268844048244745, 7.764042893027124, 7.455398619864742, 6.935414978119926, 7.840518215796424, 7.103018981551212, 7.143054573953477, 7.074335225402752, 6.995192706049451, 6.4945708019978605, 7.539262567696713, 6.9879049124540185, 6.329478595908739, 6.89748601437363, 7.546082811797895, 6.486832245881883, 6.779979824924233, 7.164180203343199, 7.266722704185271, 7.233011124115513, 6.965202289012245, 7.5464927127468835, 6.900868886113712, 6.8075375034456655, 7.393525660081654, 7.603720270826228, 6.8176390790624914, 7.46645717250413, 6.965444484616818, 7.0543278637227855, 7.411941461887629, 6.954473040604762, 6.673393401019569, 6.604930438887898, 6.853887375407972, 7.197643662876394, 7.337682640744772, 6.72677630051708, 7.314305903129754, 5.578440446633994, 7.663468698040629, 7.59695145985878, 7.4830345530143045, 7.339832072077059, 7.193616945697912, 6.5400969642287095, 6.700076035190571, 6.471022150404466, 7.060084545435223, 6.450674090373301, 7.656066714517895, 6.064871819571184, 7.626179336567303, 7.113948731949198, 6.763981295770526, 7.385811327519824, 6.3512666530755055, 7.68352256355534, 6.485896552060825, 6.42655803423093, 7.5847484541397145, 7.231056132403485, 6.948558313636997, 7.215804872121036, 6.596472918095498, 7.086071046212686, 6.672712538721451, 6.818365084561328, 7.985366530029443, 7.53810886624642, 6.392355954152261, 6.714603283267645, 7.140290855009071, 6.7211117757783985, 7.47855947149278, 6.370852165250475, 6.113422845799795, 6.3050604982336, 6.582544771957443, 7.747284416316581, 7.31964133140783, 7.532002351272116, 7.302866108459856, 7.176888097066087, 7.1640994000894755, 6.878548044438765, 6.858178596652082, 7.760316187576192, 6.271127965690496, 7.2239832579405885, 6.585644090170102, 8.02151960932498, 7.246982062365573, 7.14659891864291, 7.414928091362469, 6.890333536543238, 7.2072552711503715, 6.477810085200192, 6.469088032115136, 6.337161928994266, 7.38477957958904, 6.531325300421933, 6.656736151044823, 6.886491879948708, 7.441886490068216, 7.471355693227638, 6.1289813979412155, 6.561343762874175, 7.838964303774789, 6.677008134356224, 6.814780163309108, 7.2521749106590505, 7.365508898614516, 7.778679107480727, 5.940106884286675, 7.142131538856916, 7.904907066285628, 5.7384543155258365, 6.870488115678033, 7.2004969507805185, 7.655202396223514, 7.995876047852389, 7.573169116942367, 6.550535384518017, 6.833106982882043, 7.055865203429458, 6.924878379113134, 7.062571623281947, 6.531767007018136, 6.938774402198436, 6.985716650903688, 6.73907416484285, 7.173832674059727, 8.146968039182717, 6.855067446901222, 7.441202103917226, 7.553687770580607, 7.121470112888681, 6.730162873159616, 7.365409339410674, 7.290421637661905, 7.1481189330344534, 6.80596487702272, 6.628107892440662, 7.373074320300107, 6.201600597411831, 7.1520497312684945, 6.965819790910918, 6.808211735743501, 6.696430156029541, 7.258270773698843, 6.927686510535367, 7.44140378922672, 7.214065754417231, 5.646579510524331, 7.269435779936272, 6.3735294329875165, 6.5674303518474515, 6.833174911907771, 7.155654723925231, 6.723030082440238, 7.218685255504555, 7.2187538844168735, 6.727077882817543, 7.155015255856561, 6.692019170240313, 6.952903427652782, 6.982735792213027, 7.264938893191531, 7.40964330987969, 6.902771302571112, 7.03744615986913, 7.2590714984819, 7.528562730737138, 7.063158753180907, 6.526652973352604, 7.275171208446044, 6.830600396607408, 7.421395051508566, 7.945219329653031, 6.8232092247074405, 6.964958131989268, 7.171201847830849, 6.23504162257694, 7.698162314802504, 7.264664510814244, 7.462857767966133, 7.10046935712678, 6.985953689254918, 7.534865862190069, 7.845257873515529, 7.469984980579945, 6.797397379182063, 7.447133644458246, 7.57835664402024, 7.180843817836933, 7.239380330624731, 6.946782413134803, 6.666929692018158, 7.3218158354869525, 6.214457217923274, 7.368576551375361, 7.089878694401114, 7.21245594708933, 6.577061528211333, 6.699822922417656, 6.917032591555476, 6.083651748500566, 7.1791124720051505, 6.629296662866419, 6.2802460799249165, 6.627113175729293, 7.0671834695168405, 7.174347352232468, 6.279063533004345, 7.263306224443532, 7.767599739611113, 6.946816339088337, 7.524479261976132, 7.283150802667681, 6.766619930264611, 6.66189273669323, 7.500724591777616, 7.806921919703427, 7.534446940884017, 7.713083886335845, 6.815011629540784, 6.3609631457136, 6.884406180713253, 6.8950264759002735, 7.60063486514104, 6.388094462032631, 6.39082869798247, 7.320339494572348, 7.7293954043145225, 7.567636810989695, 7.546473844752104, 6.5096411363012745, 7.333331284725278, 6.6956803720342934, 7.119732331096279, 6.773584226393221, 7.271999072441889, 7.163254319678419, 6.604562336556665, 6.850626347931754, 7.441132094690392, 6.989462681990782, 6.093507493471447, 6.181300147060816, 6.525990019433824, 7.007667375966333, 7.121410283228781, 7.274862039367306, 6.483786589358699, 7.363775646946968, 7.231376721371281, 7.193417790432567, 6.797865574506709, 6.698945526810403, 7.62888662062527, 6.894653363979482, 7.458653867817228, 6.283579874071035, 8.30570498073382, 7.68059315749044, 6.497965591778902, 6.576024775371049, 7.496626289044012, 7.431814782753346, 6.8766264871715315, 7.1187240655123345, 6.472371512612368, 7.126036290200955, 6.799913603752328, 6.534728520004194, 7.591510513890802, 7.517146594589363, 7.180736058071707, 6.62977366158347, 7.018243846659281, 6.581057287779485, 6.309214904428731, 6.887838636940452, 6.346261219492557, 6.182739298461222, 6.640612813559426, 7.1664006119975765, 7.1075693165532146, 6.796639272459201, 6.726207559835287, 7.328249869541784, 7.967303677963467, 7.645960965312809, 6.776864083743937, 6.623270152688262, 6.921020511361453, 7.206454341068226, 7.697729363673718, 7.179570264142309, 6.337207288071475, 7.33718304897965, 7.244105973633179, 5.3867239244884875, 7.16413368428364, 7.000010598868196, 7.638535367786317, 7.305509150158818, 7.431291597568123, 5.997120963458292, 7.355424666941244, 7.8686311289305175, 7.532437312307619, 6.306299056372178, 6.621070309574041, 7.327567753521763, 8.357068770723748, 6.20025177447, 6.747107335875644, 6.7824810668115445, 7.121038733935242, 6.969449625568681, 6.735211559958558, 7.283039549921565, 7.7123326564546995, 5.945235249800504, 8.023597586986302, 6.866589651571452, 7.126417969697936, 6.951519721549642, 7.587119147144921, 6.837062006390294, 6.751579187868088, 6.49015055365634, 7.8464367904354155, 5.282076589876338, 7.139768825261718, 7.821518522145575, 7.368390926108393, 7.365518975478049, 5.586973589273048, 5.89965871453969, 8.314306106885462, 6.829676296095838, 6.374603121562793, 6.583741635278118, 6.385015308107636, 6.640747748120461, 6.384606535156354, 6.410914520732074, 6.831443524637588, 7.062850172660427, 7.453430334389393, 7.72860794219661, 7.119140035663447, 7.239638676735066, 6.821656330752014, 6.820187870251132, 6.518864111412829, 6.770864757585285, 6.828308367928338, 6.151333394440053, 6.3626747870626765, 6.765003539990426, 6.653863204722003, 6.7822971493207564, 7.477948164206973, 7.196592650263923, 6.5054125524534925, 7.1020243501460785, 7.6881469446841315, 6.891887938217216, 7.346561521267512, 7.4324380541269095, 7.841255906332282, 7.190376201397632, 7.679043579566823, 6.675236107868321, 6.603805257778938, 