{"display_name": "Total used RAM", "time_span": 1000, "values": [485.9478868089951, 520.1821583644784, 478.23948951913945, 509.82587526738655, 512.6915750162251, 491.62610829288855, 499.74156288891595, 507.87717859423657, 490.2860604312539, 497.283178984531, 485.69841864887746, 510.1613494525685, 495.5914669340096, 490.10483899712915, 488.51085901132683, 504.09960908516325, 493.90530947122585, 499.94280613408347, 502.72823867503786, 502.2325126636706, 493.6936820138889, 496.59550217023303, 495.6846430843105, 504.1304475172136, 490.4141454674731, 503.0527749575465, 494.333496179131, 499.99843995364563, 494.7488240132457, 493.90160071561775, 493.53759162588267, 512.6846926857356, 513.2379818466884, 489.89719177453577, 495.3053321956361, 500.57957947602034, 509.7824246461908, 512.5858588315708, 498.26352718859044, 490.49116389763736, 507.9836940407283, 517.0104459853874, 507.7086986800243, 508.4046081505654, 492.70611131377734, 503.7552121491492, 485.0555297568855, 505.7507521128353, 493.08539222643566, 500.6147251646059, 502.8858868386384, 508.06639437253926, 499.18508026826044, 504.3764019160364, 495.72582234801155, 506.07694100622564, 516.2526885823951, 492.03077636315913, 490.54471249890395, 513.3592659763949, 502.97776340882035, 524.3565419669205, 489.8316852448593, 507.07182333088144, 498.113377068873, 503.96313849627546, 501.6342929998816, 513.8572233501616, 504.34692556662367, 487.3714795634669, 503.8004125407995, 504.8951940972872, 487.99440927044867, 498.9046065593908, 486.60996375620687, 492.8077886594928, 496.4327253781894, 491.7223974708492, 507.2819435486289, 508.9099030321599, 514.2296756903256, 478.2496140708479, 469.4894238223697, 507.39554063185784, 497.61224811898137, 492.6309089503816, 499.38239123585834, 487.2192453762923, 509.4166303323989, 510.6734105492142, 492.9615864288313, 501.7775499779084, 509.0615083675361, 490.9680247654676, 489.50458052316003, 507.5234897891936, 500.27343083275906, 516.8846470063679, 515.9890507476399, 501.9341033319075, 496.09584637634265, 479.1889507744782, 511.46736275368124, 493.2554850627052, 493.48818232963924, 498.92933386464216, 488.66682154874036, 488.2074034453568, 501.6829243469868, 499.57474465229535, 515.9517791647737, 489.77631214415254, 486.9754266387625, 500.08396433274953, 502.60535789989865, 503.2103077867551, 503.7229782577618, 506.23177646659775, 501.59392152180953, 507.1425839368062, 490.52652037926845, 481.8200967034142, 509.27913762191014, 511.70794588639063, 500.67814916518626, 515.9791450875786, 518.9832247697661, 500.745797391029, 485.799699140766, 495.87652987101285, 506.24762199227575, 498.52206551817034, 505.6595917396501, 496.43607328043936, 485.7052692143382, 497.6343452930689, 501.07545755971734, 506.32547803238697, 494.278133936328, 488.38405325630674, 511.87996405620794, 493.79791391211586, 502.6141564038289, 500.0170180779079, 479.6241106258061, 506.56557895130135, 502.2000010155192, 498.92013205416896, 489.11340927581665, 497.25685292985804, 516.8552465382409, 498.7772772450217, 497.70875074661365, 488.8612004653071, 496.553909794619, 486.0395070041539, 518.3571386043087, 498.11425485121373, 486.28339357488073, 496.7083919262537, 498.6796033217438, 483.4374403823919, 500.84324512246843, 493.2716460746742, 499.9406054087216, 484.69058652678024, 501.970355211257, 508.56984699703935, 480.7391774551438, 483.75479937984176, 496.9066564947438, 488.99382365360526, 486.1644442034275, 501.74011566323884, 495.2361789903656, 497.72023926027674, 496.43496411046954, 505.8417042502649, 487.39155108248235, 493.6410929035692, 500.77863690849216, 507.3328267861837, 505.5312250016021, 511.16703498396924, 519.8401587043369, 498.59025033583526, 501.3967865928402, 485.8065352781857, 507.9601703897464, 495.8956266079836, 517.9859859832841, 512.9786173901188, 509.7748432235394, 499.18521349503953, 480.39530354882737, 493.1238162562203, 503.40095876558223, 509.9396550292912, 499.3938218811991, 506.09530073709027, 493.63727207938786, 502.98872090359424, 504.76813204607197, 496.5876807512463, 494.87287446219693, 504.2030697347327, 517.2268762197847, 514.7441041266811, 500.6387255676677, 493.10014464647907, 501.4340637756635, 498.43283552147614, 508.6054555237599, 507.7519573173316, 498.37138634255587, 495.66310674064397, 506.8628925710195, 473.85596134666173, 503.663143489644, 504.2003357416681, 498.3857440444221, 493.0613988628839, 500.511111745673, 496.7299167876236, 489.8811749325129, 522.4858788276241, 505.1163311269168, 503.78139787996594, 485.1090020882556, 492.14577231185393, 485.240837008618, 485.63207594925507, 497.6807045760379, 515.404071479386, 505.16118026888915, 495.8629519574053, 483.5208049595603, 494.069082858869, 483.70232610912024, 508.19802359130927, 487.7232992249924, 495.4370990100688, 496.0754918168434, 500.7023189271296, 502.36884257032256, 494.24226110753807, 496.6670233629907, 509.98392659025825, 481.38146351016115, 487.89189197047557, 506.0589461640593, 500.12466869730844, 487.2761783116911, 499.07881385134647, 495.53128124061925, 496.5653513768496, 492.1347862355772, 503.0195265716599, 510.55480384983036, 505.5618845373909, 500.5294013025, 469.2017180195842, 509.4778026450621, 517.8751410292772, 504.52690863841985, 501.1730305377834, 504.64501643803334, 505.37171451078086, 520.3268085201047, 496.6336318433218, 496.96285053054993, 507.4886284774946, 502.21744536921653, 482.3125373707351, 506.2458593361482, 492.32995401476177, 498.09250099449, 493.66795608480015, 494.8373572111196, 497.9574301682276, 505.80006530677343, 512.1003944707589, 489.59105778955256, 492.92497214341597, 524.9349302620249, 497.58026954537115, 509.6362668599259, 497.98941271609823, 525.2384763718499, 505.95015896460285, 500.9130288398568, 491.15265102364464, 492.0609346210202, 510.2104092707771, 490.7898551270047, 489.00795094497767, 513.8788275674599, 488.5806127051752, 502.7548255036106, 522.2971049372504, 493.83096419522616, 501.59512813559746, 495.2176592709026, 488.77150669639616, 493.0328383989021, 517.7086984935951, 481.3680097599979, 498.4383913869951, 496.9527280637096, 512.0940804883827, 509.07227664523987, 496.15472043756904, 487.72784865557804, 492.5844428466496, 509.55101330761846, 503.67607177315693, 496.00909484357123, 493.3726878964439, 493.97085842121226, 510.3107443159808, 496.65969521681404, 499.3703613015865, 494.2823334032578, 486.43415869308734, 483.9333784022676, 486.9633929674885, 488.9639634666558, 496.16301720195963, 492.0036331164648, 506.8154168103409, 495.5458749164737, 507.8555449245424, 510.14899537194617, 504.2412981977564, 508.8437374364883, 491.2727258381044, 485.9442321282293, 496.6699589063366, 495.26508222741495, 520.3910427377812, 513.3748493302313, 496.0114691629006, 494.21694655655403, 483.4801401277051, 509.08712662199304, 491.9964388417622, 507.57104028350994, 504.13925272391896, 492.5285045673017, 494.3476092648061, 496.3072652724756, 509.69389632752853, 494.0662951096779, 522.7103864874874, 504.48647790575296, 506.2062618215562, 500.1792628222768, 501.5583716970445, 489.94369652830505, 521.3704532796922, 507.8786444638102, 498.1536095235164, 497.52165072656686, 485.94542321150254, 513.890807471839, 491.1195535628582, 490.7042519121336, 503.91628102778964, 495.76500081088227, 474.5300060665818, 507.2919380537351, 505.8010666104413, 509.5952231172051, 492.00220714045224, 514.1433635564628, 510.239530505084, 505.43904056343894, 495.0071268899974, 478.71561772604707, 507.67030380220774, 498.69468365331534, 501.8635285532799, 502.2896839436189, 509.9372358563811, 511.0101526247016, 480.07300479801603, 498.16206844437363, 492.8808174944249, 491.58020482865834, 498.8734969362999, 501.9673514226873, 495.3649834106695, 500.7741484465386, 485.58491867233266, 502.2924809255593, 500.7799575079094, 500.86760875461, 506.23399154330207, 498.45718077759363, 491.2768688916372, 503.83907742942654, 501.425532207401, 492.4229258604072, 512.5581660205185, 496.50732078517666, 497.65000952917217, 503.8257228905864, 489.84017740197, 492.4724573837636, 501.0308853813279, 