{"display_name": "Total CPU usage", "time_span": 1000, "values": [48.88981344224011, 49.34619169061488, 46.79196995091786, 60.06185907803689, 45.55884011777767, 41.061102528580065, 52.75587604828984, 48.91581756757003, 52.42413833054317, 51.16121285065476, 47.470434838760724, 52.97208912122388, 47.148152924778856, 57.12767284255465, 45.470094899957914, 47.68489891867665, 43.372386710275144, 49.05461423375977, 41.37235456958685, 53.79348367871834, 50.31504667120594, 49.16237343888229, 48.68530731268878, 40.22180719963926, 47.23431314162241, 60.51550761323331, 54.068566463669676, 43.067504115377915, 48.10230214381781, 49.28093137702597, 56.105724161329775, 55.754322982728844, 54.45983075686294, 43.657489391569094, 50.130346850347955, 56.08544808083192, 40.55034510370514, 44.01490548523935, 54.78032245202613, 51.80829385688562, 52.223671827953936, 51.69177177627525, 51.976191408846965, 54.84159950450981, 51.09909486773147, 48.68611294034628, 50.30493036728641, 47.81360616233527, 58.812574903669216, 41.65094613734226, 57.680305067157335, 50.840944583599466, 46.139180534852855, 44.52009697753661, 47.01909408678272, 45.62728007497435, 51.1084251864005, 51.822391649114685, 58.261811411289905, 54.27155934247025, 52.40280950979245, 54.842132934010245, 48.7483717145289, 47.490942004045635, 45.400362561496465, 54.68088374393763, 55.01825762702999, 47.42791848163848, 46.6843069895184, 47.03354220699432, 50.21046109180628, 41.77890520161543, 50.56136335887524, 60.29633011838823, 46.680706784527, 46.129246214316986, 43.066581001032894, 47.72230548932534, 59.44810235462941, 43.930523332580925, 54.943377031025165, 53.51732512453466, 53.64221892145382, 62.93921806359283, 50.30143810161073, 44.4206858399167, 42.830410813359656, 45.18454244287307, 56.03477063056259, 58.66683295264423, 47.24237418217563, 53.709894250796346, 40.14482928439166, 48.91235962886811, 58.664947896186696, 49.59230211556492, 46.811085218443516, 53.526729666807206, 44.77832435880169, 49.15697588339155, 51.93910027169548, 47.5192809690932, 48.0796769564128, 58.10129211475213, 48.57854523378273, 56.4571636010423, 38.49241018143289, 58.39168969058571, 44.37302607995689, 52.60663337229382, 51.35750695865308, 52.03562426869104, 39.07697726862819, 43.20144559565685, 50.22320310672142, 47.612178917875454, 48.221284257340876, 48.299142445338944, 51.866920846493464, 46.652299885189876, 48.703648913167875, 49.25726025445573, 57.195106943434, 56.067868469802676, 53.774513075620604, 56.014968799665, 55.706251471189645, 55.74473534504986, 58.31120771047526, 43.22983269219997, 54.949535052852866, 47.67547150349132, 49.99435306771756, 49.90143890610664, 53.88864579730086, 63.83847379110429, 51.40240021077886, 42.45876663533474, 51.75362423723401, 55.37464543750908, 56.868290855094756, 54.28745793036383, 51.63706187962009, 50.335934913780214, 60.88633330763598, 44.629318013256935, 52.98997506616249, 54.97955427479522, 44.459313489378985, 56.706509102554776, 48.321463008862274, 53.88206026789465, 50.18469367369403, 53.788695569257804, 50.07563278258506, 42.8653321808585, 58.82870839947809, 49.077026567214354, 44.153054727768804, 52.62807128284853, 56.35384335405422, 51.79050663210154, 54.5533141223236, 51.26334130730548, 50.912861461143656, 54.80868972817202, 42.87141968235928, 48.517489092968205, 41.25221896994718, 41.00558845428165, 52.422068943479125, 49.94446444198257, 48.518305602847676, 48.82553820094693, 56.44464641920162, 47.891219669959646, 56.12147276333315, 56.97237091844256, 43.70238907490695, 49.12985269443249, 51.228369296034636, 48.13936885298592, 50.45653818409876, 50.79162106356499, 57.27250583383077, 48.30014338318507, 50.738154643510086, 60.008041962173195, 53.813375739495996, 53.44036091150051, 49.29534710582335, 50.53158019097255, 44.84891836578964, 47.818737347973695, 54.59982788872304, 55.38539271300282, 53.09526428295399, 56.76827205798556, 48.15431951135733, 48.97152814190129, 53.028340366601654, 47.44661197935554, 50.88030358590324, 47.86364282499478, 47.218901745769365, 50.59050451380249, 40.06760036479541, 44.3145197682384, 37.27167625976337, 53.83429342522406, 36.66487867229556, 60.0372751241959, 50.32975566369923, 47.359035462641074, 59.37152412840267, 48.35362944333714, 48.0657345404144, 52.56005484944715, 56.67243478312977, 46.65675058134273, 49.64463914507596, 51.07077303532777, 43.34794586631589, 46.97933348332012, 55.914519908123374, 49.21911363321043, 48.49696147990607, 42.88887082152552, 50.22446546586033, 44.32679396221071, 51.485555587080526, 57.05495814781675, 51.62512142021112, 51.87155207929786, 51.19037126357781, 47.413206311463036, 46.51317586924621, 56.8567560110908, 55.13130392711797, 47.502724770048445, 47.30833450045297, 45.8853819826329, 47.4421783159996, 48.524651188645294, 41.31416444819898, 49.097768452977746, 56.95795041996345, 46.25062089952266, 50.196502909580445, 51.55519437040438, 52.46197866635548, 46.90524208117246, 48.41084685836267, 52.785753007156565, 45.64137687445237, 44.49769284452355, 49.108540796171766, 43.189465152030515, 45.4706870831717, 48.235441905159675, 48.14115632826913, 49.30868741405421, 46.232408201173875, 48.50277566333586, 41.33077102875889, 44.859843704622065, 47.82655543487644, 49.78671673093486, 45.59598255653169, 46.20324673066419, 49.0649703627688, 44.256269668922585, 52.653961858244585, 53.92374477341512, 52.32547936980844, 43.91552869296443, 45.33921923375084, 47.99230887790682, 54.120513730630336, 49.570925703873755, 43.41760091336925, 44.85865235021551, 56.332436374904695, 46.74146008502962, 51.45118026432781, 51.75352433597737, 48.915118684792766, 47.72405245103124, 54.207221505685595, 50.4977096757683, 55.706987516154044, 48.036054609806264, 49.04826829622023, 50.55005046478715, 54.009631133832784, 44.522276573134974, 48.23761013074913, 50.14616661021567, 52.21905779653876, 57.832896991156026, 49.798509334352715, 46.359525652037355, 58.604297667290446, 41.6929842525067, 49.41710294003219, 48.73864898739814, 48.95122807487092, 49.72593421388123, 51.90914216634814, 45.69526686402516, 49.71448575774006, 50.81120162124363, 53.33886510250438, 49.0357415490563, 49.965412636734406, 49.580850332257754, 52.16871012565752, 45.53013923469004, 52.374312657796715, 58.3046874597399, 43.38991841997398, 45.004256212102945, 47.82048348836009, 46.81841317164448, 53.685389045286755, 50.46880231472534, 44.983145863492325, 54.706148339927154, 50.501514678010764, 59.06368490122452, 47.8095630913173, 45.35600535821015, 57.38640006308593, 57.10414082031103, 55.74543651335996, 51.55626808198161, 47.6315694939914, 63.61712576894729, 48.76302682141539, 51.70259557712312, 55.239623935522886, 52.84853715180921, 43.44839030898821, 48.27060308624873, 50.366980968455294, 52.90096545695951, 47.50993684788016, 56.77118216878136, 55.39492578454507, 44.293646718028626, 54.0387669579848, 54.29648821502115, 52.464027854610485, 54.572821400710325, 45.49843643265437, 48.17454076815126, 52.52090491127366, 44.76692227659426, 46.995903607887804, 54.13198491444996, 48.19765624888416, 64.4548167104656, 48.06222446086559, 44.96790788697402, 51.79889627467224, 41.129542848876476, 45.2164084249347, 43.09274432934549, 48.92345817511035, 47.77030193219731, 48.28949000291866, 58.25143694711821, 52.90462768798968, 56.007136333098, 45.185891214602826, 46.48416390927227, 45.58157992757277, 48.13551480127909, 49.01319469862171, 52.26228059573547, 46.25287196131933, 60.46569628929827, 50.80601156328241, 51.94118550440757, 60.265979292988376, 54.54115410957209, 57.7190823855905, 45.72859903464904, 53.714173289162574, 57.99499610248392, 51.03452751440369, 51.520041828804146, 45.92561487367986, 53.62510975873371, 48.20038001691567, 53.44785463974395, 49.26238629271088, 51.16073442554798, 46.459295827605615, 53.40677375735696, 49.75992159186099, 49.09189880653863, 51.54406125990367, 45.7450190900817, 42.83907329515597, 50.39317677196714, 39.30222970079367, 42.89431115710181, 49.762150205223506, 56.2249746400574, 55.90845276060922, 54.365615307514005, 49.56346986413371, 