{"display_name": "Y rotation", "time_span": 1000, "values": [-0.1876777415212089, -0.0698303713258566, 0.34388388995008173, 0.04853851409315745, 0.16889880301225493, -0.007308431440375139, 0.0662905061976766, -0.3155302009985863, 0.1406760274528258, -0.1626447815085523, 0.26563639241341785, -0.09462752402635577, -0.15678107647587142, 0.24195924327832657, -0.0852027527600456, -0.07835256256641197, 0.08008077478351576, -0.7300012519230616, -0.10169927227067643, -0.4601010430674036, 0.2303161346357165, 0.18582979651073844, 0.1819252230418161, 0.4762004524881308, 0.2640857097816907, 0.028783270436680792, -0.17649084168845497, 0.04673929186406774, -0.4310518249789997, 0.14728666123278064, 0.5802767564412153, 0.1273662085769433, -0.14136070374329412, -0.438000344989219, 0.5327443354046452, 0.04487397206947417, -0.259932094076656, 0.0544976627419595, 0.26749001212002227, 0.04864434773450082, 0.26295340032595993, 0.1404284798303596, -0.2836599288123164, -0.3502845812671066, 0.21251795553572525, -0.024846900284970285, -0.3121808940749486, 0.023688443275783466, 0.002550995445561166, -0.11536987553389921, 0.13367187594639202, -0.11237562651131545, 0.06729006616606716, -0.12441944749144876, -0.3766668440657212, 0.8161316546048137, 0.013572926834352881, 0.4556145823389026, 0.01587589692107462, -0.02412055634145624, -0.34278870140249795, 0.24057199026795775, 0.10665882746441548, 0.301958402978412, -0.508222972483227, 0.12391392149479667, -0.20182238258020782, 0.00933723481173629, 0.23591402975735126, -0.3240451985978176, 0.3263878958179548, -0.4105798314550839, -0.10246692436075243, 0.13979217051015436, 0.07086090352721491, -0.19141152802240147, -0.886292151548634, 0.34406325988393205, -0.10431329807986668, -0.105937546259657, -0.2294270648963488, -0.3651194787192515, 0.26740967153349815, 0.28123513084879237, -0.23808148157433526, 0.12141324647309264, -0.33822561658508954, -0.3266784636993376, 0.3255199980436659, -0.29138709308642347, -0.11325011773118684, 0.02488509652776977, -0.38053926619667894, 0.5645298910017773, -0.3575392413366945, -0.3130079748060971, -0.004761913178413688, -0.12859953965409557, -0.9117323505303547, 0.17332265607579708, 0.013226141590034463, -0.4065050828924484, 0.2539170170714506, 0.13864010290707743, -0.01615981392566015, -0.007059707641856095, 0.3321403808546688, -0.17402945546532708, -0.24606470643832226, 0.1441104733724452, 0.042222903375644605, 0.2151433589238442, 0.4259912362065907, -0.10475810571008355, -0.5836619215254814, 0.09083979178175346, -0.21483476829705048, 0.39145050202961346, 0.07181844200600374, 0.23872383633576166, 0.03967494056489913, -0.20667712543162697, 0.20106310023402912, 0.0847589716368929, 0.20209631542195888, -0.02316895910223369, 0.09106855201416116, 0.4141510665432302, 0.1678762698546884, 0.06336843287228207, 0.6837500256834863, 0.04874744727980344, 0.635130010031211, -0.5970776674425858, -0.09547793937280113, -0.02268957200053454, -0.3127261943193666, 0.5404916212991809, 0.3981385305024289, -0.03378162645630164, 0.2733978762175248, -0.00494958356413009, 0.13446328556584214, 0.08369416814740854, 0.031754019592358455, -0.03410877197966665, -0.2799511066520055, -0.2561161042534675, -0.11275909949357996, -0.14320134089808753, 0.3229336887960204, -0.5596753744266171, 0.04382292201485322, -0.1577278741563357, 0.08942530936474095, -0.28247156114592287, 0.5632480383690426, -0.44232041676132444, -0.15806378404651547, 0.18280069704826896, -0.039050353138982453, -0.07554235484506731, 0.32900605342382655, -0.4001151432326358, 0.6662309097122247, 0.29290798555018266, -0.22291424028402987, -0.5606355406073902, -0.23101847621260985, 0.21620237429448633, -0.015253949033048018, 0.24313948184307618, -0.14630486510593047, -0.38815512791343293, 0.09978837612815511, -0.1970726759029247, -0.07445507642024433, 0.5438289088350088, 0.12531151341645336, -0.07384293196830011, 0.23809837252270477, -0.2424497536656328, -0.17765343687921828, -0.46426539565576397, -0.2802478296734727, 0.3113337353539573, -0.4133919072684347, -0.392072245401182, 0.3941239030432536, 0.03849212519102048, 0.1907017187017437, 0.23510449579442338, -0.18622006188792659, -0.6435921053854163, 0.22736322693077365, 0.2569474659191276, 0.6378908005283119, 0.4071345699359224, 0.3710262241494498, -0.2366974502163665, -0.07734385428132637, -0.2235841053476716, -0.15392760257634153, -0.2389352342514249, 0.10101806559588714, -0.3823050772725087, 0.4045636446548107, 0.3063739691968214, -0.06873900064092012, -0.07867040992072129, -0.19404252076537704, 0.09608999149196133, 0.09864275869292986, 0.04236842360328007, -0.32871419790711015, 0.16728619262797942, 0.08134597431790737, 0.452092678782129, 0.34602268186529644, -0.030489962253610944, -0.10224335701909412, 0.1818471973649348, -0.040110386660461, -0.1319877201395939, -0.3886606727652947, 0.357191361793149, -0.2116134497932873, -0.0737872518353797, 0.05928015490865792, 0.015087699551513917, -0.14234077531081915, 0.2589053930441323, 0.7170087337818115, 0.0429521699777871, -0.849013168767998, 0.4791762624444444, -0.022569535560022988, 0.694305978218089, 0.3963358067300674, 0.2840244660628483, -0.4584109520610011, 0.10872802494642216, 0.19242987963758149, 0.5484325201906807, -0.028741265389028443, 0.10456787280450387, 0.33669090483517494, -0.18328453064106037, -0.31813988164848, -0.49910175422929487, 0.2555723742765668, -0.1600746017898517, -0.4166451555969841, 0.19409908315113533, 0.21425282840346552, -0.7248071914024204, 0.2791064788040725, -0.3073513667189645, -0.212675264808724, -0.24150767694974695, 0.3411242341457081, -0.28404256306724984, -0.14352442868970644, 0.2377355438083066, 0.14969184949665468, -0.42477134519887005, 0.03532578528849287, -0.043747171415501114, 0.23014234738155054, -0.16640347649362344, 0.2060922152700763, -0.2560893022589248, 0.06551095026628312, -0.01834970115704602, 0.13016561507643976, 0.0027788967984064385, -0.16528851687661691, 0.1376669402192549, 0.09542387418317973, -0.44408458230654063, -0.008427210342540976, 0.014732970975479678, -0.20608146761085186, 0.4716866188474311, 0.2151909955577197, -0.44741119422026504, -0.4061588012574668, -0.1663911614823844, -0.3016130406849938, 0.5326168316501618, 0.27540264735495923, -0.13959295961739387, 0.20491462568749774, -0.13991864300473295, -0.026797138114269117, 0.34276741002724437, -0.37352430758629335, -0.173868628164871, 0.07834301594549523, -0.3174986114367526, 0.5599592883564719, -0.11826767417547733, -0.3134121672411983, -0.24340605760137637, 0.0921678697121099, 0.7823781945709777, -0.05427955286984183, -0.14823023122907875, 0.1318712573091369, 0.026695979485628553, -0.11489923371604589, 0.5782904753584276, 0.7590106839459279, -0.5113423128601007, 0.40152923430069826, -0.3589668196456652, 0.3057650777221848, -0.39575179573863034, 0.07672430348638429, -0.23773903394169094, -0.21214729166812973, -0.8286300433341005, -0.1377715950280239, -0.057760280317736765, -0.6430162029843541, -0.3496923851238538, -0.30803525695580986, -0.169886264351521, 0.33341436917966616, -0.24452091356606273, -0.609571346161697, -0.2391310465459871, -0.0228878958025523, -0.13476238830916665, 0.4169693251018755, -0.48513362584336145, -0.057065721603749335, 0.2987676844419315, -0.07337877569817415, -0.08193129674596036, -0.05969977030579986, 0.009997498216430313, 0.31497362692077946, -0.029791535271425442, -0.2382722500344729, 0.10529935520365934, 0.01097082266225467, 0.026246831533176473, 0.2917190252151383, -0.585871627894075, 0.33305011120728273, 0.026982031449519543, -0.401265246691164, -0.08193696957634221, 0.29687361888618435, -0.36075455820864394, 0.1181165484639767, -0.05070592105290516, -0.24824454339213545, -0.3643429060641774, -0.0241011705194984, 0.0146766063888068, 0.55284140306944, 0.538891737545073, 0.06617075132859286, 0.06049634210706204, 0.38308435160985604, 0.002675759600079714, 0.21161974639528366, -0.15489501950825132, 0.7141163406394215, -0.2027863047230545, 0.3433094118748568, -0.11689650198056137, -0.27804721735684373, -0.33998867848034053, 