{"display_name": "Left motor current draw", "time_span": 1000, "values": [4.230531489288055, 4.202073593812946, 5.919399105540823, 7.754363464885589, 5.723514757468752, 4.729786756318819, 6.141023162853763, 4.297084501741836, 4.500119529632665, 6.416083925689985, 5.748745829171321, 5.6854406390265035, 4.657177958389462, 3.784106989461889, 6.504511572018698, 3.1756750733294066, 3.5401438078990957, 5.339026434908431, 3.091195844231209, 4.679921438128139, 6.846591642302707, 3.520763341011639, 5.133566190363956, 7.103041203764066, 4.7253965197788474, 3.855703416649023, 5.6348021466135645, 5.547469027555459, 5.842347929538173, 5.700890567714549, 4.064101103087511, 4.752972401639264, 5.1826729952156425, 4.399203842511912, 5.352494166447232, 5.222358287164439, 5.074342339057312, 4.886924585908111, 7.445038386441251, 7.524052676016874, 5.023177824006834, 5.565716178262241, 5.804663019013471, 4.382195351994242, 7.078944320760984, 4.299780422834109, 3.339411606967757, 3.9991806832155414, 5.2187480202703, 5.83618479837524, 5.1624973512925845, 3.4757749282647303, 5.027484015672961, 4.19975256161773, 5.829009059835495, 4.668815661289874, 5.038607350604018, 5.13723075758033, 5.243874236543679, 5.080923476011721, 4.562605095526505, 3.8870723165636756, 5.14817691891046, 6.88121663402763, 3.757000285080995, 5.574344040238767, 3.831934639433748, 4.077278690449608, 5.608001377370641, 4.3659857064304255, 5.574304602746173, 5.895445477655026, 5.529403378279643, 6.813698679118508, 4.898364661180528, 5.665185394527825, 4.500699317335389, 3.9505697277772525, 4.836208069320575, 5.289558671572792, 5.478086128834337, 3.8725670605526537, 5.491875820825602, 3.9739281135380864, 5.303031153416017, 5.182905083979068, 3.656455471983712, 3.097599789924293, 5.21649073982821, 5.664190582164854, 3.4673843106402766, 4.093441713659416, 3.2549835734517147, 4.802809117154727, 5.586753816986596, 5.263858454476412, 5.191418738425616, 5.7719679541270414, 6.869537553293644, 5.235317923038573, 4.4910396225438625, 4.594859802922289, 5.072492886082749, 4.816363969533807, 4.476226233956847, 4.840262007530869, 4.402354791755405, 5.574833041251713, 4.119435171543612, 5.223746664656704, 5.9237493023553185, 5.065534387998517, 5.429871467201741, 4.68006934037078, 6.744129354706714, 4.587353767817791, 2.764030323131312, 4.252883505452599, 6.684692009048924, 4.708831864488836, 4.6782585989855585, 5.849040631142452, 5.173104441259713, 5.060106382722826, 2.989046052022485, 5.295428911430223, 5.5375536244291155, 5.28197719232876, 5.6517248110169716, 4.531514300889072, 3.9711396813878768, 7.06252884768738, 4.874192454280035, 3.755120302938623, 6.018158578981173, 3.6599923662306675, 4.389780127720799, 6.378889165964474, 4.179620552741534, 4.740269474010965, 5.641850863502978, 3.9338053992829165, 5.032278768668138, 7.002126080726055, 5.353682337536793, 5.244882847528677, 6.320600792333916, 3.911715537345344, 4.742197873514752, 5.3826978590465036, 4.491130744709158, 5.524044335271388, 6.407868568798136, 4.073498369535372, 5.254569892978202, 4.559830797189578, 4.056781095015444, 6.411200163588727, 4.855282469728568, 4.259628953708291, 5.8529509405789035, 3.3712750594140397, 4.599222031562456, 5.71800703535427, 3.6267397533173895, 4.89525186420521, 5.719229523539579, 4.842949315633642, 4.160791682527773, 6.653996567691027, 4.744639151669021, 4.54319681615093, 4.313099497971372, 5.054075278233665, 3.4158123904399904, 6.478137436382511, 5.442335796616218, 6.807676178014809, 5.48844367075373, 4.402911108662023, 5.152597627219013, 7.10119319121402, 5.020257787847362, 2.9540209577311787, 4.494102718646851, 2.9106774776114515, 5.605367696724408, 6.284084249779786, 5.215873710817191, 4.6297345685499325, 5.454030101066703, 5.439968264548864, 5.029518735032874, 5.694688611038491, 4.471421041666084, 3.0022580781893167, 5.1849883313248055, 4.352742913124026, 4.742841262993717, 4.784818610194766, 6.120214086183539, 3.774889976048965, 5.8682551664397575, 5.281647510031784, 6.012241519874852, 4.721714507217796, 5.470058580028685, 4.85688831269932, 4.029875817477594, 5.647064179588525, 5.207283152802191, 6.361097851262915, 5.049463762787524, 4.971496467844272, 5.479321903030698, 5.059956696536872, 3.3697634964722836, 5.072369528065331, 5.7514175300121195, 5.860661405724306, 3.5232279224746472, 5.163532819597606, 5.513727063239928, 3.626444048735496, 3.7485744644062615, 5.921587385071957, 5.970398298585319, 5.821089908606268, 3.8860206929783736, 5.704394637186509, 5.442791699336113, 7.230196824815641, 4.151166418069799, 4.173178610545397, 4.954090406704917, 5.262064803807262, 6.877965192114754, 5.678038144181933, 4.995109385629902, 2.1549594203307443, 4.0218921724477505, 6.253988144850622, 3.878580332770855, 4.860682899790484, 5.822423285965556, 4.592059531458978, 3.972267735195211, 3.925155874232748, 3.075071639927012, 4.068518569486715, 4.971559117294068, 5.257808121297995, 3.9377663827335665, 2.976044038592247, 4.303763000388769, 4.833499583007904, 4.367805512987319, 5.654757018213094, 5.0376411372118115, 4.332134579557364, 2.992736615974558, 5.210287647316406, 4.7151724949999, 4.520781123917903, 6.549086724306632, 5.043134614366524, 3.1301823462672824, 6.765432649250646, 4.873571622483173, 3.8941148478592904, 4.62896782886168, 5.818425841134079, 3.643421334101114, 5.853381573509613, 3.901463301495236, 5.644589783398809, 5.426851939587097, 4.444342935867912, 6.488572210232048, 5.029227124374395, 2.615232385320114, 4.846719465322419, 5.612470620845349, 4.823500565567359, 3.6400165832254796, 3.167972259177309, 5.5777952556094315, 4.74420763848465, 6.501958987001916, 5.376313065325794, 5.080248737773739, 5.265518581844352, 6.617038095794201, 6.04418815193074, 4.240350340985116, 5.6152103905438056, 5.972353600556759, 6.1442018664097295, 5.716359514783477, 5.710242520761959, 6.061128866048535, 5.710777186060472, 2.9871917746763605, 5.560042658308992, 4.7478761334102595, 5.370098684873105, 3.1131257105997934, 5.635201816636087, 4.471521360868228, 6.938767194931209, 4.51261869762954, 3.5514221383558207, 6.146802620421052, 4.745864179395656, 3.891317685186754, 4.032827656904044, 3.2610909933927865, 6.4646003267490295, 5.913060658083691, 3.5904232457767735, 4.806985276629073, 3.9507052732913155, 5.527550680116486, 5.7634413587548465, 5.825504998744322, 5.688261145712843, 5.345272917046533, 4.955385176352623, 7.023421312561496, 5.81931810383793, 4.915332653237527, 3.2376201942674117, 6.375409758191221, 5.45417065976471, 5.073225826137932, 5.282231794498696, 3.1775079069031014, 3.956631835790384, 4.57089693187682, 5.115198053865104, 4.724857072424743, 4.260412624715988, 4.973565037756903, 4.3233430353336795, 5.803069509906818, 6.171744050048966, 4.857849472597423, 3.569524719418477, 2.9782455919740882, 4.460789098972871, 4.92955481731981, 4.629543486597228, 3.6345031942881283, 2.650352999159483, 5.553850579997262, 4.621951555100101, 5.371499422729771, 3.951106854060484, 5.4965555993457915, 5.831979666816406, 3.0479844217097076, 4.124190686178207, 5.669344270933653, 2.4682961495440585, 4.104338601957397, 3.5466455787278734, 4.059283333168256, 6.260874614194015, 6.2661702732923565, 4.443000839577376, 5.956921486246049, 5.140378782371156, 4.210027523248537, 6.009057052661352, 5.531024930092256, 5.397284231800562, 5.4530642564956135, 5.189899113012677, 5.513511357773918, 5.05105092474709, 4.894715213126664, 6.37391161299652, 3.630408847115789, 3.6027374110199415, 4.738939050669137, 3.9635043152633505, 5.061820425356437, 5.396435866027251, 6.21331708968926, 3.2435242643417146, 4.671678002576101, 4.050687171137617, 2.9572615832290157, 5.331547954030658, 5.746826285682522, 4.5199394900036225, 6.29417462381397, 6.065462137086036, 4.172926898498419, 5.056664166869001, 4.640396681178137, 5.2756900303433065, 4.526703375496248, 3.557111592448126, 5.560338495704843, 4.8657168710266285, 5.252413376377421, 3.5418134110707182, 3.472014254175435, 4.44996042962633, 4.476896149024649, 4.633355495211354, 6.384586991144669, 3.5568035174323027, 