{"display_name": "Right motor current draw", "time_span": 1000, "values": [4.8570148708448455, 4.164551980395997, 3.8326328945914336, 4.027304294155746, 5.3318078095868815, 4.942030670230258, 6.439482010902738, 6.353440472169452, 5.04402923802082, 5.876789468239558, 4.707842561442964, 3.6266435445418255, 4.26325283361673, 5.095932585581845, 4.490309411342867, 6.553704891603457, 5.035324552693246, 3.3653800859681504, 3.682767286322218, 6.975919007507372, 4.383548083872696, 4.807431165106124, 5.2582395901621055, 4.304815243195244, 6.408564845813554, 5.53281812833718, 5.963692451578528, 4.070569534581792, 5.226737402197253, 5.500552226404565, 4.756344152720051, 3.830838240603181, 4.819230473935767, 5.080631586985125, 5.257611164846613, 5.833711744607524, 4.981240114069315, 5.2888295541771875, 5.470235793141374, 3.0947754644490857, 4.8659300970329395, 4.703686400739982, 6.379865469443385, 3.9552874553746693, 5.041055231384901, 3.3288903181588916, 3.574511936466161, 5.443946232632188, 4.9126910248079, 5.652516274927952, 6.214073297793758, 6.180513532603886, 5.2936553381169835, 6.908701988800555, 5.1788599750957305, 5.224048212605064, 4.865221466673203, 3.4255716868833526, 4.333259822377418, 4.539195746977637, 5.416981260970281, 3.3704470506720243, 6.961232757948061, 4.5627274783610465, 6.190153017421602, 5.392551776227547, 6.4345559568997395, 5.17380832188629, 3.6380068001212518, 3.570926836865688, 5.608326127493781, 5.460379075087515, 6.228612226415543, 4.691914490934026, 2.6271115272412673, 5.013676038429373, 4.6510492000413395, 4.585037374011265, 3.3891915775918715, 4.225885553338178, 4.547891610739925, 6.063498078161854, 6.24150286511339, 4.496607918767998, 3.855641587481541, 3.9167048222085814, 5.201921331564286, 4.574829950651914, 4.856571535960992, 5.4056523011285815, 5.375688013533496, 4.892778361628361, 4.273534533900233, 4.171119690958022, 3.8309640041360877, 5.5115202357246265, 5.808684250667285, 5.588661132881208, 4.053858835406392, 4.7347249270876945, 4.26328308471534, 5.830713589361632, 6.668899929911751, 6.033359695656214, 4.9683377933241335, 5.567950869113196, 4.7680065818109965, 5.516220229713717, 5.4542981316349035, 4.955896343645636, 5.800158914652311, 5.385199715394635, 4.8275041344832665, 4.751544934311854, 5.769520356148685, 6.591661412380616, 5.0601717337245535, 4.53458771397173, 4.670382860195444, 3.7873626761647428, 7.046337898292482, 2.8040515504232353, 6.496908886284054, 5.1314213041669925, 6.818309979810328, 4.953309112406583, 3.5891811714995376, 4.604209957700453, 6.205514123256993, 4.847256765663184, 4.444370403177272, 3.862068738415183, 6.170856610360129, 4.7066771792895565, 3.7867792959213338, 4.873270136411084, 5.190812152267766, 6.060329779052475, 3.817686852945662, 4.7973836566918076, 6.868402921641623, 5.6168678417844955, 5.434594144364538, 5.455015972625887, 5.315342402713726, 4.239133131936371, 4.296309491325408, 4.702945131110838, 2.5600592056068314, 4.442996055826521, 5.577094468440494, 3.976398551435549, 3.7202802622472513, 6.443784973280741, 5.706748885562504, 7.522482976355834, 4.3683849484434, 4.2434577301793075, 6.730306859415257, 5.571134439307588, 5.425393880111523, 5.9245475904239395, 4.959165269396654, 4.12084737027327, 3.79597487625297, 4.851818988472189, 4.826581439773672, 5.875907944345883, 5.026950204169885, 5.886040063581343, 5.092781708884897, 4.883678309152482, 4.583346245045836, 4.21188591551023, 7.1976158766594045, 5.035349412708786, 4.647888989403539, 5.218405702732638, 5.334993724936808, 5.6610483073925835, 6.425073501382948, 6.157001321670414, 3.558113583203946, 4.886946070111254, 5.614501616929277, 5.413039889220239, 4.6583923478535745, 5.327751056383845, 5.125918200415858, 4.611681655486693, 5.77768850597716, 4.893371943689917, 5.41207885952977, 5.142716529909995, 4.207679720857354, 4.817826953030784, 4.016349165475199, 4.331093701745182, 5.643311638182473, 5.304332311814142, 5.100295788135265, 5.269485274595653, 3.253377564779628, 4.557460341240728, 5.28312130079577, 6.290132967067129, 4.4993968902194, 3.6226789354109696, 4.734756354764317, 4.22864775619159, 6.774141229760753, 5.630359739861781, 4.734425224283592, 6.634547234659976, 4.932129960544203, 4.795543446399108, 3.998978408958839, 5.265886463510366, 2.669969958570428, 5.501360454399198, 5.309220600865635, 5.422930464879736, 4.6421136394327736, 4.119875922346941, 5.787495967463631, 6.314973156651263, 4.286058249671937, 5.352176408316168, 3.986410962752392, 5.173587634848261, 7.545508653393699, 5.5774352347858, 4.421315664670182, 5.298688726769732, 5.13721668616681, 4.044493346002548, 5.140727730773596, 4.82282512194085, 6.12447226612215, 5.844604552597516, 5.783102836072817, 5.172814322918001, 4.44000204722267, 3.5143229002685388, 3.1872062744774587, 5.600721255933568, 3.5389334292868604, 6.62098347286444, 4.814610345063605, 3.7308921199211404, 5.178862812083235, 4.923133399299911, 3.969324967369495, 4.270707755668648, 3.0523063635152226, 3.810582391540179, 3.9796972081572606, 6.194167862052049, 6.648434524281194, 4.294215262451798, 4.506939853732449, 5.149942698863871, 6.460271280891591, 4.640556373772912, 4.371135283234529, 4.2701814270170635, 5.835615862193259, 5.486241549139765, 4.647399814169187, 4.04033021010877, 6.115738761068471, 5.935503279364815, 4.285945330162057, 3.785353599524555, 5.059044585399825, 4.540921586603509, 3.6600681914363493, 4.864664112701924, 4.265874124086016, 5.6062194676315125, 4.733206028101736, 6.175628916867294, 3.128666900628339, 5.72659100929171, 5.731684779064146, 4.098801980960278, 4.731003143343656, 5.258910526713414, 5.120243159689725, 5.509510501053939, 4.586894761979619, 4.103654227501775, 5.0983029684708105, 4.887182831006642, 5.479780595689831, 4.192622557076687, 2.6608525084507018, 4.403906843742372, 6.350990001240379, 3.875376507878022, 5.090400004396449, 6.203858755552698, 5.672318981660398, 4.598218862813819, 4.616770107797159, 5.5644630567677345, 3.9369967103307273, 5.176135236587972, 4.08897343537695, 3.2618575226868325, 5.950088756278146, 3.738821157994833, 4.8563448778478735, 5.565334932647213, 5.0879096000004616, 5.120793600392261, 3.7467076830325974, 3.7983462769436183, 5.5451353498763405, 2.153234668226384, 3.3375859377456862, 5.674172330057443, 4.617985890766711, 4.654867399711378, 4.505903252337936, 4.755236465143328, 4.6040658553970655, 5.9718745788443135, 3.381587748135912, 4.133773786341284, 6.364524608835148, 5.397262667089484, 5.783970543568908, 5.612288103722777, 4.6788499765441705, 4.039561705525222, 5.0362326923584755, 4.17386677294481, 5.78893471810494, 4.391964515957154, 5.1723436669496765, 3.654201941107111, 3.705969711092062, 6.561684778925954, 4.273937940685328, 4.793592730851048, 4.419677825202498, 4.516080509768246, 5.447589198343697, 4.871256081529843, 3.6160345180548523, 4.49838575921069, 5.189571867376422, 6.1870100117670335, 6.750390281090582, 5.487169085560105, 5.630977808578299, 4.158499631120357, 4.227100568854595, 5.505148061319266, 4.891508990613217, 4.34864514222098, 6.02093671708988, 4.916738017783317, 4.67784487278876, 6.058429113030342, 4.600524579525147, 6.117200493339956, 3.8926377560194303, 6.06292354807184, 5.46543477523352, 4.576452090193097, 4.25078226554145, 4.274294547072222, 5.824781097353366, 5.347789847439944, 6.428336363526764, 1.1898760513615572, 5.068332228505203, 4.8464666466980315, 4.4055858707050755, 4.428814958679156, 6.017849669652282, 4.634563460919297, 4.462937283535593, 4.660514825427159, 5.603707514994522, 5.615335720445693, 3.92927791634546, 5.903522036872907, 5.82399907203599, 4.814847757447628, 7.361859072752592, 5.7425477227582356, 4.675554793962797, 5.260859495405832, 6.003001311853234, 5.249651704002859, 4.2801091652255066, 5.088944361801194, 4.712681456546132, 6.3703458564670425, 4.617659763665053, 6.206162325904317, 4.630615471713267, 4.6131141598333585, 5.431259882329359, 4.262138093165373, 5.541084433240789, 4.834850940897382, 3.9397902042646162, 5.718606710833807, 4.617815476368086, 4.283478679468314, 