{"display_name": "Right motor voltage", "time_span": 1000, "values": [6.472529103813663, 6.3938003577888365, 7.098427344397426, 6.678638296666104, 7.292019503092739, 8.237826003605461, 6.118094903958836, 7.240448810161148, 6.2632508806056295, 6.471322911557984, 6.749021687692257, 6.856481124756499, 6.521220983638281, 7.311948299401236, 6.70985284864036, 6.408395007709045, 7.6158373221223234, 6.891955118721946, 7.016659521526278, 6.6068646075302935, 6.876172484496532, 8.003174675138702, 7.425286204647103, 6.586478111274241, 6.158406041717063, 6.378458162792609, 6.446619118375895, 6.9217356782391555, 6.4893095663123646, 7.339034833254369, 7.228505988503893, 7.171341461165549, 7.305719840775561, 6.626546634740633, 5.837534180908406, 6.540185077346144, 6.590313848680194, 7.197826129773215, 7.178202247469956, 6.920650397580138, 5.990552784869437, 6.879537043602575, 7.407354438847084, 7.046535831140181, 5.789980368926303, 6.929697811201856, 6.133489864059326, 7.286117085770911, 6.947330581380325, 7.55620633798513, 6.340250877290661, 7.39532225507059, 6.7453837141123, 7.068432228483765, 7.62274925973167, 6.6840112802833245, 6.498118615982732, 6.723561844861438, 6.63516778825042, 7.707145465366887, 7.116842455542446, 6.398326170092458, 8.050966773220164, 6.550455254193109, 6.82449940967209, 6.555401196751989, 6.3169911107500205, 7.44436410624834, 7.153678265732762, 7.543813386104448, 6.983399883261898, 7.130828739597535, 7.140016214681852, 7.007974527126412, 8.124757694058777, 6.7565275795884325, 7.294649252302696, 7.030602926920032, 7.491884304006844, 6.093475775514288, 7.672362754245179, 7.345588774706981, 7.499556140716488, 8.00666681046788, 7.419281342668246, 6.56472477299322, 7.4385909385458415, 6.813961209231191, 7.498941252057187, 6.2131273274577214, 7.8155712119426894, 6.991767992128458, 6.8910403851036435, 7.207925540841047, 6.56360322634752, 7.356356289657356, 7.223873414466779, 6.1134303587831, 7.238384631600556, 7.339906655840104, 6.574398524966454, 7.632800562448565, 8.027637603633988, 7.021648801425965, 7.57868000225477, 7.226327229052038, 6.607649496375723, 7.700056280155005, 6.4872932348771375, 6.413303480117863, 6.988860702230998, 7.73049494630862, 7.103194556291598, 6.827104269382433, 7.614479593044894, 7.285328044071863, 6.6953073355821555, 7.425605589815516, 6.866625801717968, 7.362959211872596, 7.726968524841698, 6.985999550668639, 7.247882539257729, 7.359750750814551, 7.076693345792227, 6.63037526706091, 6.612745818891567, 6.329829173341531, 6.20562678063431, 7.359417846582674, 7.401243867435248, 6.814816606990629, 6.605382789111734, 6.720183430887182, 6.478638863138072, 7.2348025925259885, 7.58663289317602, 6.043311645819583, 6.527110945147497, 6.8986262995443814, 6.862406792845943, 7.169668051800894, 7.410971811874343, 6.662225238577701, 6.860979490941589, 7.312311179183984, 6.541508400160875, 6.968867148455582, 7.50722698748515, 7.533843656178303, 7.206159646934154, 6.6859775954323135, 6.37908367773931, 7.300661747798934, 6.983224366698242, 7.374769137102034, 7.027124236736786, 6.2227267823441, 7.087917726116449, 6.7133273111315255, 6.673148310450278, 7.1026281529488005, 6.6267521343393785, 7.48907104358848, 7.269440279488467, 8.009342195516732, 6.319672327106419, 7.171468953566773, 7.171600149918045, 7.301474327561021, 8.011112351001673, 7.756666939120758, 7.219838527525305, 6.134032313188819, 6.63701565158508, 5.923651549094298, 6.376097474808052, 6.770573353746738, 7.0440840800559625, 6.778230757582546, 7.8325032697852315, 6.386413281344867, 6.713678542003673, 6.885030556826417, 7.638060298534431, 8.294401176520447, 8.197967349297622, 7.011573091682166, 7.692792740400827, 6.828348932272183, 7.033516108960267, 6.998559593208628, 7.084561078233476, 7.147931458358663, 7.785844810472073, 7.4330763270203715, 7.246560494526636, 7.366298564148269, 6.886673993912888, 6.75217165064459, 6.8436943440384965, 6.031881056967388, 6.851032102590817, 7.436135489402307, 7.4207022715320825, 6.489043746639565, 6.734007438494051, 7.297819617926978, 7.2086988039618705, 7.445713301811255, 6.61668712325234, 6.336893838534423, 7.582374845994345, 5.557540694097731, 6.687946875080822, 7.332320915744524, 6.495634657208439, 6.945594891587641, 6.469612847542152, 7.466350516713591, 7.6171847745119665, 8.21067881037157, 7.550293654437906, 6.879906284520129, 6.749195317771413, 7.349161864925533, 6.730203207683146, 7.451936350366539, 7.611469110657793, 6.712037260313686, 7.391456272941383, 6.921939985329948, 7.684695796677319, 7.627393282264533, 6.991517002913529, 7.332615710008247, 7.824548449739725, 7.378225999068307, 7.152613169762077, 7.449035631568352, 6.903877504068789, 7.732655038170676, 7.366624051901689, 6.614998686827482, 6.866485041865068, 6.914905484271617, 6.695791966551826, 7.609369775671971, 6.910527797794859, 6.496797204008708, 6.553711144441843, 6.5678109187987825, 7.308761215206166, 7.950046496537538, 7.086327584706561, 6.763262071959775, 6.942415230802746, 6.741943447128588, 6.806687205776408, 7.407131685489148, 7.439588286590498, 7.538559584818607, 7.168361347872771, 6.811861656025792, 6.709342026508312, 6.048083034476532, 7.092671722582745, 7.42949993589987, 7.395118617400351, 7.919526569381312, 7.007414071556416, 7.442137720742992, 7.279556314295183, 6.024646501719166, 7.2506265051626855, 7.260012568684356, 7.264382113296592, 7.683096385490021, 7.390459860733378, 7.688491890530072, 7.512836379049497, 7.517233774888206, 7.082237216991579, 6.874640517099097, 7.3857656243872345, 8.015920734772077, 6.916709200005807, 6.867386472639287, 7.2937235259315845, 7.501268174817896, 7.285893296738604, 8.050034286092245, 7.362297374440863, 6.863650140309042, 7.175632338562084, 7.204240254907196, 6.940146998042372, 7.159690553456528, 7.241418642751567, 6.871865996538533, 6.612261635002587, 6.829355657025688, 7.10785451836115, 6.5614794721728, 7.324781635747358, 6.695015576096128, 6.741971670314572, 6.883158936209493, 6.062551080337469, 7.37165249188465, 6.952785044713408, 8.127829464961835, 6.501481848954903, 7.123987311588162, 6.911377268951735, 6.885877763850389, 7.334316383608747, 6.984296794764303, 7.128260220638505, 6.772342870598068, 7.573422250256407, 6.757881778264447, 6.5827166473408525, 6.8528885035367875, 7.676762878493069, 7.2872841353659155, 6.148994562134476, 7.495292661477934, 7.22106890256221, 6.921152037064204, 5.7761525839072405, 6.246545183452319, 6.431076741826312, 6.478582515877321, 6.843952422179055, 6.429828343210119, 7.078043909482263, 6.791961944511678, 6.579110902088043, 7.063194826541193, 7.814484173369137, 7.076329188412847, 6.965808051070266, 6.96554932679191, 6.791478416613389, 7.139296379642224, 7.930213426236751, 6.62198272346487, 6.433190869974966, 7.516828008183403, 6.503541527771672, 7.071397869443373, 6.575073564319449, 6.651243999959607, 7.377195859663698, 6.69374155908178, 7.938983559891499, 7.2368540386766576, 7.330861099810808, 7.113613186095348, 7.208740282689851, 6.978229140181255, 6.902539020936981, 7.389751791899458, 6.6490941484711925, 6.4214445300126135, 5.76038017838305, 5.696793253404871, 6.686622144398938, 7.350172216066362, 7.376107792441153, 6.875960456951681, 6.997366279642874, 7.130146043193492, 6.45368998254458, 6.822183811878723, 6.667406926245669, 6.77228976346204, 7.976999425767614, 6.51743642734199, 6.93020759230277, 7.329706578196961, 7.548721081496407, 7.506787944462733, 6.973082110842232, 6.770162089017447, 6.44125182604809, 6.991113329347933, 6.993993859434294, 7.387991405319658, 7.119048025822046, 7.096398617980539, 6.855507214337999, 6.559683967286952, 6.291765543781425, 6.894702185273356, 6.541388555564347, 6.732839639788577, 6.347759886680803, 6.880745803889333, 6.8611549627791115, 7.190695599040872, 6.652936637064929, 7.433727801648317, 6.7587426631216685, 7.077568933473609, 6.785735624731166, 6.665265082550307, 6.782215928381768, 6.890225917268947, 6.87059388694428, 6.808081809870246, 7.281205032289827, 6.620454548610029, 6.560759585487283, 7.276767383239389, 7.446782767551562, 