{"display_name": "X acceleration", "time_span": 1000, "values": [-0.4039295804621328, -0.14911467561869948, 0.16920050877536943, -0.22851820532061407, -0.16853565424578615, -0.020504017742143017, 0.07793590963102902, -0.1466883265788752, -0.06341701113628419, -0.0326681200287322, -0.21505856572412008, -0.15463339390894804, 0.22195949067842582, -0.3261210926120659, -0.3535659941855971, 0.16145834668535108, 0.5316247227933708, 0.028568101672983043, 0.16067551114161457, 0.27837661683431675, -0.32911499391712834, -0.06872457036621328, 0.028276999972993155, -0.23796633960429028, -0.15279454190477149, -0.14876023071300606, 0.33031433301534946, 0.11727869260195437, -0.11893306067142476, 0.14913608604101591, -0.006522433554296364, -0.1136761204454123, 0.06125185526465035, -0.1643754800103993, 0.3995047098600526, -0.20951293997633075, 0.17235669108902052, 0.06820980249927372, 0.019294320349939702, 0.04350906542895815, 0.17250639116831726, 0.07533850510905783, 0.11421065702678593, -0.3657447913808244, 0.02213970514515363, 0.17423725533949108, 0.1468633379336694, 0.076291174112629, -0.35520758601588565, 0.2813879545849794, -0.17824694613768555, -0.06916187639028518, -0.13922959204240398, 0.1320193245227002, 0.3445913008318919, 0.09304607934102489, 0.09950858259744709, -0.026931063354523423, -0.13379003967384187, -0.1118616311860873, -0.46552923762861487, -0.15389530072861343, 0.5596099601529553, -0.15127391064735946, -0.16906492599966938, -0.3251587586833811, 0.25964880933497103, -0.3856858196215298, -0.10588060366239321, -0.15599381403878676, -0.18655204194615765, 0.1783588582934393, -0.0963098632036985, 0.18465320531683635, -0.040896701357087215, -0.03410759602355583, 0.14834701544507534, -0.39535860043825105, 0.043837327588163555, 0.1885164128828404, -0.2978571234676774, -0.03082288972423062, -0.05107132557557336, 0.36092837857455434, -0.0013767622712962592, -0.20072430893397963, -0.09125970559808716, 0.26195337796258616, 0.02034211087605937, -0.14153046790079934, 0.21363648992725892, 0.4690393764889252, 0.29828825467784426, 0.18050380062436958, 0.004382877852959053, 0.1148725958029288, 0.050099095176634335, -0.2969590056105751, -0.08193589953133357, 0.38484108511885506, -0.25366797962907073, -0.006269688995213782, -0.12789763699419324, 0.04188770846530016, 0.11022106779192774, -0.25067343932151126, 0.03471432172092883, -0.1320757831414733, 0.010463604341482474, 0.09821955811827451, 0.04392952123295993, 0.007166411183826982, -0.21514383199294349, 0.051415859640732656, -0.026528793444017304, 0.1889613651069478, 0.01773725824429437, -0.24327915631772246, 0.009417084613242737, 0.4140972158499516, -0.10951554919681457, 0.06628090759247564, 0.010534275370940007, 0.12416036814064857, 0.327122886864843, 0.0675810710975188, -0.10806775444867088, -0.3983541303125092, 0.15141719038685883, 0.0039006162414666375, -0.19562775762111806, 0.4320950018875954, 0.22309430667564856, -0.09307663355676919, -0.037567459350878935, 0.22320200138658086, 0.4524401753495124, -0.24855935404781976, -0.05804801496926365, -0.19196895503243538, 0.048297924826130885, -0.4040830443308321, -0.05775122813413937, 0.0752691863724402, 0.21830199712687476, 0.010353195944655247, -0.0670323410266289, 0.2756417731642022, 0.09927534662118424, -0.23090435911481966, 0.07910048465067872, 0.1805389537819315, 0.15712814941949726, -0.0959109401125754, 0.3115416032051096, -0.050859004266634436, -0.006719163024649322, 0.08987337442634094, -0.20632459870330036, 0.07887385110663418, -0.2485109622343679, 0.21973204864252402, 0.07721596940711516, 0.09910008223977203, 0.014774193361042787, 0.03453927486462526, -0.016377370829701324, -0.07548779378002193, -0.042452883756343054, -0.05614642870887322, -0.04396925116035421, 0.12914255028358024, -0.39582782918661596, 0.1062467816910606, 0.15624040105054413, 0.1617887026185626, -0.3668515132795233, 0.15409483273458158, 0.12522923038506747, 0.12158237695303678, 0.171667778598702, -0.34413707956963463, -0.016577813807691324, 0.03762295529424584, 0.1599386645559014, 0.40933135397405596, 0.05743432153578446, 0.24707357932985075, -0.04452241464418272, -0.06568949576819094, 0.3627138605557826, 0.09518381663998812, -0.02161230801025183, -0.04207775862107638, 0.3534552542257229, 0.11226927380482131, 0.22134608810571452, 0.0980653502556527, -0.08343428987878472, -0.05006361105261466, -0.18693974599351215, -0.030862808020031066, -0.17347716471084748, 0.051494814365502, 0.13189150985726927, 0.05756906407270812, -0.07376508721581108, 0.03644910890323314, 0.3568482765858486, -0.21520185378980386, 0.17329653856146698, 0.20852463880016592, 0.4301220340451791, 0.030346085918588707, 0.25062076889495416, 0.3022623930950834, -0.04975683663422265, -0.25010089722299034, -0.10610092821784274, 0.09892038674327794, -0.3408252423061467, -0.12174571935930173, 0.08801946588932363, -0.028121657164962666, 0.20182849948781292, -0.15652484955536705, 0.05128137415400254, 0.27964240948293945, -0.007290878139554107, 0.004221687799756979, -0.2861788863728653, 0.08459536827900858, -0.041346101585384674, 0.028385082017801384, 0.08864938690605828, 0.060109166907513424, 0.2246640917076916, 0.03368313964331755, -0.009041683992687939, -0.31579050561051475, -0.2595860253790538, -0.15729942689141876, -0.12191867977684756, -0.04248695243375979, 0.19634345390815164, 0.1627683594317373, 0.013318429003198448, 0.07259604591992422, 0.06238642500865787, 0.2691498691197182, 0.31947774480446234, -0.15557262734601435, -0.08500743180665836, 0.05765571958740398, 0.2943147151378594, -0.27878999906288343, 0.22560826655590868, 0.3066620057413957, 0.07823334370933843, -0.325593750333926, -0.09328473817565336, -0.08911802996807508, 0.30741896755108544, -0.04515929849934403, 0.10653939213924234, 0.2170093067703292, 0.1724994794667335, 0.09428438558463301, -0.15514711409229442, 0.05373830326623563, 0.25366684424881764, 0.14261412212834942, 0.1544295845792688, -0.39331983949391525, -0.16733369180645813, 0.2587946865983091, 0.4246775590194088, 0.03166437993988916, -0.13607298911650717, 0.14234387612882646, 0.2989506592180037, 0.03209732471475148, -0.1220349900802892, -0.06044342354082786, 0.28217136549525856, 0.18758267440910897, -0.017173770272594556, -0.029136115228785172, -0.09244568736590189, 0.26959527992303006, 0.08406541594494571, -0.2677463163869162, 0.41741017358303945, -0.088505804136158, 0.3391601455152684, 0.4208044402653268, 0.15090491882112686, 0.0633679004954381, 0.2771031219655075, 0.05124402114516441, 0.06752326662770988, -0.10519206406054733, 0.10110570316534302, 0.3636419799371048, 0.22233438885543824, 0.5158372867895449, -0.16978728159142906, -0.061789564659547117, -0.007003745538215693, 0.2623128219072224, -0.24441663439928962, 0.25810799227476855, 0.11041490646319073, 0.04749124302370303, -0.4104410056109085, 0.0006815765708796123, 0.3756629851296938, 0.056519334584165894, -0.2009195445390642, 0.2224507554382027, -0.026657731235705924, -0.0839515965746699, 0.026613980488738517, -0.15517863781024593, -0.06727430170036185, 0.1140447551826914, 0.06689972602980944, 0.17881000913805323, -0.2506072344957017, 0.03672432203257927, 0.0468504648829649, -0.05820165831581066, -0.17997901245362283, -0.11462984636074242, 0.01977984093030657, 0.1915618587524588, 0.0811684682634274, 0.3474638511577466, 0.08060327815427258, -0.04894801828912792, -0.1297699012161286, -0.08377895308950356, 0.04201890400416339, 0.12357776390983173, 0.28224235214755894, 0.10210389346104859, 0.047138184033977265, 0.04734745186997538, 0.04647853593962561, -0.22042937008054136, 0.1263183773941186, 0.3521689125209315, 0.255907991817982, -0.2173496117705959, -0.1259858235701438, -0.0678638652229932, -0.05304735148731137, -0.06437443136886466, 0.14388075704821218, 0.16055820838147483, -0.06915969813364654, -0.01864153570027436, -0.06538697189642209, 0.38014549017614646, 0.12782929955876157, 0.1338360840871916, -0.3974513326436556, -0.15341833663069324, 0.13116372524305858, 0.1773535738161118, -0.13646207301207805, -0.13436370102240766, 