{"display_name": "X rotation", "time_span": 1000, "values": [-0.20530585942606888, 0.586477562834261, 0.08044333777174133, 0.005374326879997816, 0.09142754237450601, -0.18485586827900838, 0.16468325125084768, -0.24420096701909078, 0.01699654335873498, 0.1406291124242194, 0.013355460372745131, -0.32817976080405314, 0.015237767773789254, -0.08840563877889972, 0.02220742376283802, -0.012521451638560957, -0.0058288974461565, -0.23666674711038047, -0.24733224007003085, -0.31455057758943245, -0.01727655474393869, 0.188276682102133, 0.3700914382083259, 0.4762881872354652, -0.44478184053947784, 0.1906605914254783, 0.3709529849975876, -0.578249417142117, 0.5265106651695973, 0.22461555865106508, -0.5613932022239733, 0.17232861310495146, 0.10710432594838305, 0.1676435805308013, -0.3898497045550697, -0.3445249695120327, -0.4652762101846566, -0.08301555212931645, -0.02461919644461413, -0.09953467070362028, -0.2623337368201687, -0.0525423281574449, 0.11516831757628432, 0.6350019322612747, -0.050764316472720575, 0.34264160317629383, 0.10023758613211449, -0.1388583024162871, -0.2676214610207402, 0.20494243981724464, -0.0037180311517407538, 0.08081576098428765, -0.49714415379931387, -0.13334830629525857, 0.14989300509601527, 0.4503049830315804, 0.16864637743855332, -0.22067958691525286, 0.09267747845796902, 0.21432365926525787, -0.17131862408926174, 0.1548190976251961, 0.23607397446774975, -0.10822986245210044, 0.02836125827040451, 0.08336494561532673, -0.39206766249541997, -0.31472122086088916, -0.3097160144271141, 0.3422663185069687, -0.059564915681653965, -0.1528350050397226, 0.008629100521079963, -0.01177791538859578, -0.49764310867857275, 0.4206192498041064, 0.026808636382940638, 0.5265425839876556, -0.16008238978183745, -0.27585122419400543, -0.539773217408928, 0.2384431341985049, 0.11319524441840455, 0.31004548439476143, -0.17664995047410753, -0.08464270398611666, 0.15576706527592712, 0.17300298148625595, 0.4844392568138578, 0.10196870193745146, 0.4819994460259747, -0.28921225621690155, -0.6394174133325854, -0.16024157699909775, 0.17903008250930422, -0.37120017757825324, -0.3765249108198489, 0.3980265135534879, -0.11623911694075545, 0.08444028579142475, 0.3914739601066653, -0.3337993316123747, -0.3950608536430437, -0.005761230996435183, -0.038876382994695896, -0.36271428489086555, -0.04800740252250174, -0.14418069159689753, 0.02657758856811857, -0.5324861443374369, 0.30155146799806304, -0.25219349214345443, 0.03419188286343505, 0.31133819937318763, -0.0715935364780899, 0.16163824601590918, 0.06915143677992001, 0.299283384168172, 0.13219177137267835, -0.12991412041851905, -0.060481824704080624, 0.10741047901983543, 0.23197428238766044, 0.46279726306771474, -0.5250658226146382, 0.17261683401193126, 0.40114385916087575, 0.27553408960684317, 0.1137439430039853, -0.21238286988287502, -0.06574276268729917, 0.45841818769795767, -0.030531385896065216, -0.38757712375779985, 0.16989252395474372, -0.1395275036834552, 0.18453013980967076, -0.20417959776578862, -0.021288727857110817, 0.26878800261689434, 0.01221867822459333, 0.07725995661322445, 0.46968341447683637, 0.29533666794721236, -0.15546788596974737, 0.21513883742763532, 0.3528311407519847, 0.09041947388782179, -0.4986707671805424, 0.4418499087393779, 0.12797366839542762, -0.13110710302745465, 0.24694855884716496, -0.5902283423483571, 0.14334692641612215, 0.18091076865282252, 0.15677265868329257, 0.06978918059312708, 0.10302899212213046, -0.06424584614194388, 0.26685988020756823, -0.18092456849154512, -0.04148382833487213, 0.363075002118309, 0.08254423040644344, 0.30069180388983974, 0.43426289021868636, -0.7402462968720772, -0.11492229575912377, 0.002532825094070507, -0.4795154589902969, 0.09964442375431368, 0.06649511094250106, 0.10042122095927834, 0.11984162151579308, -0.09822706369069449, 0.46815848327369003, -0.11978549527651536, -0.2977410065022749, 0.3754055026317648, -0.0454680275960731, 0.21165803093466376, 0.0625279454581562, -0.17145825970483142, 0.07986762961294663, -0.19875496794142256, 0.27411913445400504, 0.013543422397913915, -0.2729901294306658, -0.08381943125784136, -0.010138818852993864, 0.2748202456935685, -0.05230611656612538, 0.0029620461960168914, -0.05432169555365022, -0.09726611956370004, -0.19901544078126668, -0.08659089598943798, 0.09210226683858148, 0.16054796611909108, 0.29748851615185967, 0.29198478143262496, -0.0025115942714812336, -0.41354690551161066, -0.2424980323306638, -0.019312856458007215, -0.1835542566116763, -0.20487441998277017, -0.047171865047580204, 0.13146132101554103, 0.01943843255400154, -0.05228124653645337, -0.05473207771801818, -0.05646168054229839, -0.1253800572190835, 0.6218554886528387, -0.0065630194659476405, 0.2666087642323907, -0.3865832186485927, -0.07305293290745302, -0.010243387944341873, -0.49286931287908853, -0.11928417779248149, -0.5605526131955384, 0.24052818552086697, -0.005959688073806163, -0.18962912499382467, -0.3535853960607208, -0.2924334149676455, -0.9227399249562428, 0.20577862318973197, 0.5606037225074805, 0.12693191727744768, 0.1678533082083113, 0.11889883087055675, 0.2916508678313441, -0.05209000475415542, -0.23870135542585846, -0.37951769912550487, 0.02146056326959394, 0.34809639425945427, -0.003985633692514964, -0.3469564618331771, -0.21084290394517874, -0.0696646421125952, 0.03560989582517926, -0.15291156003016593, 0.2989718598791903, 0.44234379828274, -0.2159599736419082, -0.3948462310893034, 0.25334166274626463, 0.20132004341275006, -0.0015080375242412258, 0.06852890084876025, -0.22492395136718185, 0.037230403376104185, -0.5746215395933405, 0.404133494109705, -0.43514217704829344, 0.19338577538545185, 0.07061764015835446, -0.24047326500111446, 0.2557699322476554, -0.007003963552987864, 0.6171110815031338, -0.5560768093698841, -0.01092416287465567, -0.24529303911117173, 0.027009408056202965, 0.30191500275141125, 0.3880538732437891, -0.5129637304308512, -0.4361712837592264, 0.09809528006359088, 0.539528761226819, -0.0036696688894520438, -0.2535840362938397, 0.27412715703493234, 0.3350508987738386, 0.320719996548864, -0.15701556976977313, -0.21398104819571015, 0.12790880591675233, -0.3156840723041538, -0.1095173725724917, 0.2547668033669746, 0.4115434304330453, -0.13071179345018194, -0.14750022896641563, 0.32393124289138747, -0.08366063736552924, 0.541783716543763, 0.08941633661477147, -0.06979317243617034, 0.3619573376442041, 0.26491381084254567, -0.2766519848444511, 0.43553750135902675, 0.007516465970375245, -0.18413810446095571, 0.14292851054754913, -0.10494652834954907, 0.11372326102335864, -0.5272577233172613, -0.2635948864942283, -0.24054295220574318, -0.10036784705340301, -0.060963051022602174, 0.1322855328293397, -0.3182420716551739, -0.06699263489501303, -0.5352385559755373, -0.7732152829378347, 0.019356167813478035, -0.03673493313008085, -0.2089035019915218, 0.13069114558666464, -0.05831656673547713, 0.11678738762272606, 0.00699207763341203, -0.2104487958634131, 0.06116015752157349, 0.01896101816277261, 0.3448666414580314, -0.5312438225622742, 0.224835844268015, -0.16158336625869674, 0.25773986427461343, 0.7046605042014332, -0.23717383184906876, 0.17150526706479308, -0.33348232586487575, -0.11927036803571144, 0.05668642326864691, -0.03445478873699759, 0.26962369597684144, 0.2785994474828298, 0.07888954810444171, -0.0014824589004451031, 0.17323373751119034, -0.14202403527253316, -0.36568845729479305, -0.20708397674839701, 0.39765033906189207, -0.1262739855812823, -0.10786948643701723, 0.2161317408028838, -0.2457007365087062, -0.563998897648095, -0.02807938788191708, -0.4952789370146925, -0.2326988552464706, 0.2855036959637842, 0.3148869523273015, 0.02881132586876391, -0.3009810018742231, 0.2380213276472638, -0.4897471678611018, 0.04972613660406113, 0.02780146185184299, -0.0644330037929511, -0.09310900012387127, 0.008893998929578192, 0.09049641430834872, 0.3943853726439341, 0.008396792245500462, 0.08134030977573553, -0.11078942063653263, 0.19533825991227272, 0.11268100117504151, -0.32522502151108856, -0.19880258599929443, 