{"display_name": "Y acceleration", "time_span": 1000, "values": [0.036899592598695886, 0.07303580598968952, 0.18041150959632976, -0.06506186850963361, -0.11338709784340378, -0.043647881609814844, -0.0802230230750464, -0.32769541849717637, -0.0453579502717173, 0.17264540668414863, 0.20663091711479142, -0.2721959348859423, -0.2676861913319231, -0.12794361955626307, -0.3582674311943965, 0.00074890010878527, 0.420299082708112, 0.21467285367622937, -0.06873461587058068, 0.17743299054265585, -0.14243237684189444, -0.32769577944570144, 0.11558030321733613, 0.004712420097988185, -0.1660976168926661, 0.13713927576213975, -0.27516138816848706, -0.1896295213920307, 0.2670679146219517, -0.04631692289525713, 0.06369226788919785, -0.03405580328094914, 0.0049054371707340505, 0.28680364627605615, -0.0014058799609163975, -0.1676135109689446, 0.24524140820735943, 0.08002875088478147, -0.023172581009338167, -0.16778978726137173, -0.3206785819878071, 0.23343360020426138, -0.11148734002628764, 0.02100755500740761, -0.21696701313251393, 0.04811724495807353, 0.23669359691105474, -0.23435049931986957, -0.5804689500021789, -0.34917859290820413, 0.22553859519525765, -0.34919867892920553, 0.16108795993571212, 0.3643821662589421, -0.12316067957226262, -0.43372129238638846, 0.095601892472671, -0.30418409729771895, -0.08061313364844344, 0.07656583036755159, 0.0612494057691903, -0.23620262223600436, -0.20825418579149063, 0.12444826469566835, 0.12624366651845875, -0.006175351167540077, 0.17143654743490916, 0.08042174799920346, 0.2200674056909176, 0.08952454167948122, 0.039039344368523445, -0.046284282363332326, -0.023072732408840516, 0.20308616423179773, -0.1429947546978328, -0.1599661887165253, 0.0009792708668936094, -0.055072267247675555, 0.07292031246071375, -0.14235933200256637, -0.013012629880618394, 0.1834639585589017, 0.20360276847286563, 0.1826676161382826, -0.36351095862821453, -0.04007101208045662, -0.41679569776105363, 0.1784272585577095, -0.006556695048467851, 0.1394678094715668, 0.1267773185389323, 0.22622858655928937, -0.18541020084944815, 0.2325800965261728, 0.17307298932845094, 0.004185377374802432, 0.12033046829420513, 0.32243268301626954, 0.12008270065403709, 0.20963840041179826, 0.26916154564890193, -0.3892679062230746, -0.34100185985819365, -0.07084984581996864, 0.19959623989590905, 0.2953457250508466, -0.0014533443564253368, 0.17142669083504178, -0.0747769331681581, -0.11123787591376665, -0.10794366120196693, -0.020059537656701938, 0.048254611697778366, -0.16007966638460377, -0.08927789587200438, -0.36616945634786835, 0.025960781978717207, -0.05156616322737161, -0.047834566550243485, -0.13294953945299998, -0.08081532337328662, -0.044475076300025805, -0.03988481047758444, 0.10603963994758292, -6.66714849801723e-05, 0.23422798225773725, 0.060363379322168724, -0.26127461089154724, -0.09456159182191269, 0.3025460795017977, 0.34972611845342233, 0.31816557664831685, -0.28092125196898166, -0.07477056132786804, 0.13338363071309375, 0.23965018928856457, -0.1472634005246666, 0.286677394421988, -0.11490718149336142, -0.18894578084686087, 0.27313331178384237, -0.3532809112320809, 0.17993091133131323, 0.07698163225417083, 0.08944350945530627, 0.4472645982785993, -0.3974964608803001, 0.12094372799234286, 0.04581647254172147, -0.4885394000900112, 0.06732684075477309, 0.5670651189462612, 0.07797443971685282, -0.2553710263469919, 0.03360500414149009, 0.19122182720461722, -0.17010424026471377, -0.11099662217602789, 0.0005276344556582356, -0.20199245266093696, -0.06107794879084354, 0.08988228399669031, -0.21708552008225412, 0.017081099386577515, -0.3908959693777597, -0.14212569944296577, -0.21205369321849618, 0.023960058596793586, 0.22172754884758944, 0.06066745076922441, 0.26238759888180446, 0.004903527035447895, -0.2416923022112974, 0.145574095411362, -0.17278595198419033, -0.27409932412541255, -0.1804866606780614, 0.36965859452861455, 0.05035426672608426, -0.12359714457129752, -0.40359334687838316, 0.12720241934493323, 0.15418387414231016, 0.08332172564988927, -0.28987354245760516, -0.15723808912898218, -0.0907280031405323, 0.0678068801730762, -0.38071542709790807, -0.20727166663707017, 0.07457693978354127, -0.16115942143563092, -0.18839958109239954, -0.19236315266537446, -0.13187314791623414, 0.0951873785176934, -0.20721216537124063, 0.12888303143380186, -0.2210541966538299, -0.31107847868048916, -0.2482136401953421, 0.4399876037193334, -0.11660226709075475, -0.47414223993634447, -0.23688887358288177, -0.2224032033908744, 0.08539743785927877, -0.35779736651387767, 0.06790728066241943, 0.1664416770259034, -0.0710619436051239, -0.09607605215415825, 0.2675761483013473, -0.266801270659362, 0.343856863342412, -0.14978851467710697, 0.17252470916355545, -0.04597418651819936, -0.03742258604573064, -0.23019584038369076, -0.35268990446582654, -0.3056442537147037, -0.07021342051630074, 0.11243597726878225, 0.1457361222953217, 0.02653286067476785, -0.36038274951548915, -0.22825255603158584, 0.09687299027719576, 0.15680223236930313, -0.11609765940857897, 0.20091252940997265, -0.17217481236624743, 0.32800107073283513, -0.16634136627977206, 0.23816325533665494, -0.040289089548368046, 0.0433900299774188, -0.09468462440482506, 0.09100569156919014, -0.2590030079368732, 0.05573393477328834, -0.17680458043075986, -0.0632142696999689, 0.00767259310207492, 0.20937268264693906, 0.026067200425822185, 0.2746644541236162, 0.08193684957895507, -0.3609845017868835, 0.11521091592291921, 0.27131425773761236, 0.2896481087325057, 0.02273697818256873, -0.03766582076737964, -0.03514394121308102, 0.058113931221187076, 0.2806428353583425, 0.018370935307438187, 0.07589751587672466, -0.01406289011344043, 0.08244388492465078, 0.1253728440791881, -0.22013478641648493, -0.311544054661836, 0.39326057172188167, -0.4692997701564829, 0.09177807284937567, 0.24131523111710884, 0.02633631995525809, -0.3119772090405448, 0.04096342836716116, 0.18116100039427563, 0.5235656464964832, 0.22549239240645794, 0.22295502755029412, -0.0006278926011136548, 0.2945241542014498, -0.10066374331602662, -0.0172919006713, 0.3219139547229374, -0.522596989522456, -0.2617835324369394, 0.1932538617730888, 0.14715834803479377, -0.30365769837948753, -0.2137704310407591, 0.052907303128537975, -0.0747045603840759, 0.09295707207544014, 0.0011177637608201015, -0.19976607797208581, 0.34681157922936623, 0.2893543117725043, -0.25723618140808285, 0.2760672899667746, -0.025568371599521897, 0.27689272692505135, -0.08808804269750653, -0.08772632959997921, 0.3666099784822874, -0.0735001694887604, -0.3214842200649546, -0.015977331712722958, -0.1331951728187668, -0.22856162634889238, -0.14887324318630354, -0.04688701683569469, 0.2984785852191325, 0.354749744953752, -0.4833628410970905, 0.052875113936784124, -0.12172271196154796, 0.08526386809837039, 0.09496103278566488, 0.14005635237956826, -0.08427652734347003, 0.16773909186855127, 0.16019100900539965, 0.2340145350437607, -0.005334920891288676, 0.11712227291126272, -0.17234476989962666, 0.1269672468637609, 0.14442835556522257, -0.16280070083004494, -0.08145676955236204, 0.20874555494116265, 0.3130818039425197, 0.01697818442456243, 0.327476104714198, 0.2413089072675222, 0.5349382326299333, -0.14857964591752834, -0.10285435309939935, -0.1892442321487272, 0.09433567249767859, -0.2181544614481415, -0.04801052855394822, 0.0035858031941764946, 0.1555663429313034, 0.04507079528330192, -0.26272601975835763, 0.11443327287643364, -0.0533408195977297, -0.4318184837873589, 0.26565956312198996, 0.19488671257969095, 0.17005737946908409, 0.0932515998388699, 0.24166732688918763, -0.19939764329735635, -0.6379373165539031, 0.16477530001206608, 0.010706427071569907, 0.327084323707495, -0.10229250998649737, -0.12926004476527045, 0.15308839967580432, -0.12010333725062271, -0.18858745268392474, 0.172735426778447, 0.03601781691147609, 0.11547116237849271, -0.16050887014395956, -0.35723516523270815, 0.48390325230477826, -0.22787350527284636, -0.34534023398894875, -0.09772428718235782, -0.05282504360239901, 0.025791334853296596, 