{"display_name": "Z acceleration", "time_span": 1000, "values": [0.0780797551926004, 0.32865141497940153, 0.02012111551500734, 0.15439698388384065, 0.27166112094932, 0.11819861564146908, 0.1279841069360833, -0.04467650479332305, 0.03469956466714882, -0.028877353386978194, -0.16148210392775708, 0.28115882785806295, -0.0020693271209371727, 0.01599317360418964, -0.04100468074762182, -0.14398774355236438, 0.18061799776876675, 0.0052507002853137315, 0.21434326892252886, -0.06826087340778611, -0.17605104105250377, 0.3965079108657765, 0.13832283307006427, 0.0741511138182781, 0.16209656741858558, 0.12046016551820869, 0.05807915709944659, 0.19270264672881127, 0.3327187209030503, -0.14325185398136916, -0.007261642737369386, -0.30432094509259877, -0.19527168529672145, -0.19842655215220242, 0.1157907726961688, -0.020426779145929132, -0.02989838509373968, -0.04742271626657451, 0.08863608469610174, 0.16876495595898866, -0.22701040901758326, -0.17504049632485652, -0.14301392907989177, -0.11335011883229346, 0.09211257351809626, 0.011296010309927225, 0.2966270419327252, 0.1588204865589753, 0.22513112251180045, 0.08007795693618319, -0.2480193550427206, 0.18818567087027624, 0.1847659380867205, 0.05194260998859094, 0.05156365355392442, -0.22685377752221011, -0.15975507176015283, 0.04913350761723405, 0.12133154389925023, -0.33426854362340375, 0.02025721461460442, -0.00116397867594745, -0.1081627570673247, 0.03812171813458559, -0.26401282250841873, -0.2761056206448682, 0.07435193095943016, 0.36345257221548716, -0.005278004045541587, 0.04961856861249655, -0.10484767672664225, 0.11343515202974906, -0.16268010877239325, 0.4276167312310449, -0.12283664263668129, 0.0954396724860695, -0.1590680315948554, 0.18677061544549642, 0.29533911094364446, 0.11655877765273066, 0.13557623769670699, 0.07866088786106946, -0.1908702494354173, 0.04531647879963026, 0.13044128815079972, 0.13133438798301322, 0.07028151801807794, -0.1361670856581565, -0.1447450443621601, 0.021705890559311783, 0.22223854124507164, -0.09969477484777145, -0.09385946534570105, 0.20139423372411974, -0.08160151679419292, 0.002229081272021886, 0.6042282540181754, 0.0665355559837749, -0.1507071784781766, 0.1199826058262509, -0.3548517432875255, 0.19800210638497823, 0.06899461039464999, 0.012689800840189995, -0.16068505723200896, -0.25766359794576477, 0.09494469891374462, -0.20283567609157413, 0.2655850823290548, -0.29098367001315406, 0.3995582025221265, 0.0803788044884078, -0.20616658803821433, 0.07104484487296636, -0.5321556301731566, 0.23383468913933625, -0.0943798916903359, 0.07703319088204327, 0.051663442679104256, 0.24711337937583422, -0.21036506438384533, 0.08409759869521537, -0.0136323373471426, 0.1931508286298667, 0.1483833872400409, 0.12176635615345713, 0.11597172934204295, -0.09819551340428884, 0.36400098535672765, -0.2086208201335365, -0.027303911400097438, -0.10787850975081702, -0.08666264272828357, 0.4255854324357053, -0.08952577744418765, -0.1587064605777518, -0.13837230194125252, 0.10917862733510664, -0.19226807541789714, -0.5603185148754107, 0.13057062697632574, -0.0929996885023134, 0.016856138650583545, -0.13536255917152304, 0.07469663920572504, -0.030189936360181524, -0.23447882693306457, -0.15782212362659942, -0.30627340641869644, 0.024309981242886133, 0.040579027206935146, -0.38680991676989396, 0.30920497004510433, 0.05078280542712275, -0.099220873442686, -0.10077890176752897, 0.09287136326191839, -0.2425048441597955, 0.13714228276567605, -0.007617677142983222, -0.13720477156096011, -0.020648480967545776, 0.22469647856400587, 0.3502741100201725, 0.09714744791188765, 0.07699980558705435, -0.3214993499796956, -0.23112087683657812, -0.18997544800933494, 0.16789498608805598, -0.09172110650425233, -0.18406920932732265, -0.15854726913845726, 0.0663000797763978, 0.008518901107789106, 0.13299231683232327, -0.18469371126368506, 0.18221842171094063, 0.36597643782064515, 0.031428824464401976, 0.1510400812100672, 0.4024040342273321, -0.049452616323260305, -0.08809901627144172, 0.3076194119697586, 0.15262605196917686, -0.12165949923528972, -0.42978560078321, 0.09832804265367322, -0.04846843331535043, 0.01664153984672073, -0.3100530680514884, -0.1677708637278531, -0.22041513406336413, -0.02894540598448475, -0.13848395031980665, 0.28456977626989727, -0.03636287088452187, 0.07558765701614982, -0.19303357109730307, -0.08983593249823718, -0.03718275179099997, -0.014205050647894138, -0.0039996867781950446, -0.0754616357651932, 0.26277230229813214, -0.08755296446914002, 0.06613515631934666, -0.1278002793945907, -0.5766966879069394, -0.1768692550023706, -0.2953330123020321, -0.28852597091331467, -0.42190910671752635, -0.2206058947649198, -0.025062675485991004, -0.3747989242348503, 0.019630260489310464, -0.058255155624273774, 0.5059676704709924, -0.19268614990381325, -0.12528170913710834, 0.031219574295567726, -0.16284805085016846, -0.04337960976564676, 0.1856617219661107, 0.07840133905738671, -0.05339090394886861, 0.13336619301905273, -0.2766514067631983, -0.2001835740729926, 0.10648046768984468, 0.08784782365942441, -0.06454856501701148, 0.20683774795277055, -0.16453494443014388, -0.01258488148029819, -0.09964482878363412, 0.026045738794075252, 0.4938922073393167, -0.21043236077537372, -0.06396667072118109, 0.06851461483460079, -0.1881542836616214, -0.22647888950003964, 0.2192655814454482, 0.08478206694298321, 0.14830782336834733, 0.19949999205122337, -0.2848732691311313, 0.01823204996281727, -0.14504667905040555, -0.09710360489588746, 0.06080340072892616, -0.17761573614452675, -0.13738447748167407, 0.08257598516513684, 0.24633537094411803, -0.13687404739603046, -0.11224507275362512, 0.12277444067103321, -0.0006523108624240263, 0.20226995252432506, -0.12162887788846721, -0.041534060860869984, 0.11171213198499824, -0.363575648954237, 0.13692015848123254, 0.02318907824663653, 0.12019095216897067, 0.38443389618586954, -0.20079155082111072, 0.011868691919386262, -0.10396681074842173, 0.12553201516846246, -0.16216365790509057, 0.28835572313437174, -0.2415359046178522, 0.18340895701149915, -0.11519597314731794, -0.1348513991581752, -0.031209161838091373, 0.0650495202944865, 0.19484812246906402, -0.03139434052927417, -0.5212393437662949, -0.04633825301541486, 0.1060998610579062, -0.3680433481047109, 0.0023624388969075852, 0.005904963536026036, 0.036286663805890636, 0.4087577070530838, 0.1955515175611826, 0.1133620067121878, 0.42208355405465686, 0.15405870238370487, -0.24482493439749328, -0.07221356242295354, 0.2774225451085082, -0.0415672456640844, -0.24359106387036056, -0.1554263067046794, -0.31087819432121105, 0.09195236757896574, -0.13936983489729202, 0.1805706357211122, 0.014486974514627056, 0.16699959686480725, -0.06994232065154768, 0.21552870749907815, 0.11262976794383683, -0.05619337347766486, 0.17187311506433814, -0.20570622722495413, -0.0068385190742955015, 0.009168815431333173, -0.12484974063879842, 0.05151561769107865, -0.18010850468924028, 0.20396239060093732, -0.07785233854081834, -0.06302918206182555, 0.12562876557478417, -0.21072245730609793, 0.15347424394670642, 0.09824595064952936, 0.1414582259792615, -0.4898816302063036, -0.004701059645205986, 0.1615597128657281, -0.3094816065251138, -0.10001291818567165, 0.07669562585322262, -0.23746580193107747, -0.31258915286868194, 0.10238954189903222, 0.12425481219638933, 0.02266714584548757, -0.2338197093986338, -0.16325652280557884, -0.12821830774006446, 0.08708485553882794, -0.15317073096905523, 0.3546569826351822, -0.34213647638355466, 0.06504724966976652, 0.38299672060839324, -0.04041451831563447, -0.05004592672072175, -0.026618982641748296, 0.12078856407743399, 0.09362288451886788, 0.10789050513062888, 0.1668515707527538, -0.1804665390508056, -0.18189656188984604, 0.20582845362838809, -0.377426397109668, 0.06093683452768575, 0.34766217349717654, 0.10028037425061674, 0.23027118219594456, -0.19983885862259693, -0.09259026823910345, 0.1114937640836135, 0.6543287806837197, -0.2019644950712848, -0.10595177074804263, 0.3842870013008494, -0.1504079603541153, 