{"display_name": "Z rotation", "time_span": 1000, "values": [0.029339812303799985, -0.2262367131981774, 0.23107847648238156, 0.20245702156369072, 0.17469932908582536, -0.34409162459500614, -0.06725176309524766, -0.32250955585367264, 0.4062361386717958, 0.08327421287603402, 0.1845594955906842, -0.08792169625494248, 0.1356067168187588, -0.22552512159265098, -0.14055244337448822, 0.021066079358986904, -0.20210099220293576, -0.09798444434384133, 0.37963493542267907, 0.26518415075392204, 0.6087620821688929, -0.17437544358771864, 0.23850240323697092, -0.02851223046790747, 0.2319196899398805, -0.26183302724142726, -0.14894081852698038, 0.25840160847710814, 0.08033571730584958, -0.5050337527911849, 0.26990472371454716, 0.09438806641667136, 0.06423891147609334, -0.10894086730105142, 0.07109068494923408, -0.39195943882216017, 0.2562684258323315, -0.5768304182214836, -0.4823715632671025, 0.13571790413653304, -0.17286545592988858, 0.17823579428582342, -0.5178713669334977, 0.6668074801070304, 0.13275490894008213, 0.17572637412111075, -0.2942293863269239, -0.07800185192582494, 0.621775516211774, -0.09878058510668268, -0.2937059475078034, 0.22036702389531151, 0.3082826504195538, 0.7756351791404348, -0.03167851155974753, 0.2572061372593791, 0.08168862079717194, -0.14585227366229525, 0.0675525246761044, -0.4189024324675692, -0.14616189526795614, -0.08412009523747883, 0.5597736490442982, 0.1957476233628113, 0.21031967052507797, -0.06431834036306344, 0.47220811253895206, -0.12493364887842578, -0.33155265595814754, -0.39203542579341394, -0.2440326185441484, 0.2113552828052717, 0.17184549552751205, 0.039130747984868486, 0.08403378386706645, 0.14709710909984663, 0.062190266654728404, 0.07419276270094687, 0.5797498584094365, -0.09177372292435831, -0.36389788265822137, 0.09694099138260152, -0.03864737995008204, 0.017945055001918054, 0.028390678844169362, -0.05285848175381557, 0.4261028514731916, 0.3687029593838687, 0.4607383248088285, 0.15585869092987367, -0.29928505914688924, 0.04568180002239994, 0.0015555413018460017, 0.5069753406797556, -0.03937406713866964, -0.15855519829252618, 0.35429100197644364, 0.4163719473382736, 0.3046477057829794, 0.1532718524373838, -0.1477428217040578, -0.04175197605049494, -0.14384350423255174, -0.020235265229441645, -0.35778971452124386, 0.05325937376418507, -0.0916947825137983, -0.15196691798992396, -0.02609603524438402, -0.18937655198076322, -0.04042589711226957, 0.0576593659510633, 0.013257155000498276, 0.36567757714404453, -0.12618360523328534, 0.09869368404021696, 0.23975866245803804, -0.02777680453890183, -0.23262081226170594, 0.0484905556189196, -0.3937331035481759, -0.10048968397017637, -0.19053315195165502, 0.0062684928739506875, -0.22546456599687484, 0.24589429551883982, -0.1991419615057938, -0.15449143753120517, 0.4092046881306179, -0.01960621572475077, -0.25681852104859126, -0.13072705096414328, -0.15226741408325314, 0.402003121771065, -0.1673131741445938, -0.19714686999652437, -0.5947897834760493, 0.893961866434274, -0.21513930152956182, 0.12187220870618107, -0.04370645782014315, 0.056941089819827095, 0.1810585895694514, 0.3211265420306747, -0.17801241869444898, -0.22434180949994084, -0.19703473476942068, -0.027545767005788067, -0.38251279677532685, -0.0686258854148532, 0.48939047631407123, 0.2265348289715946, 0.5443824838064535, -0.09914762572427678, -0.7015200744866483, 0.14109140783670784, -0.021371961324982577, 0.08225714603035543, -0.1098895995170276, 0.05640019450300388, -0.050814539970335096, 0.415830562992035, -0.3360585419887023, -0.1269745334711883, 0.4455016990989141, -0.02910504109862528, -0.2898812476020724, -0.47555792583732176, -0.2846038860203233, 0.04280513930793733, -0.2437071639325764, 0.36173619685283315, -0.4222353372827552, 0.16954714546273475, 0.5118284242064152, -0.6202274157112857, 0.20033670892030228, 0.25394583979200214, -0.3598724015944991, 0.13381548732730206, 0.4291825745965788, 0.3827297504275288, 0.4127839253731487, 0.03627216270835764, -0.09607770769264884, 0.01339635534099839, -0.4888677465537694, -0.3702919344814283, 0.3710892939445459, 0.17502299492168572, -0.32281884053429527, 0.49764360953218406, 0.21236084985064727, -0.38517915046203705, -0.044718677019846685, -0.25521917732594773, 0.15114368571656608, 0.0011781321193208188, 0.5961765825328724, 0.3775046669017552, 0.0763307758909541, 0.4236328666596959, -0.13781722320592274, -0.3110527546705111, -0.46081647101714585, 0.4026719274565845, -0.46809169776250525, 0.4600795408772017, -0.17679191353629034, 0.410350878951678, 0.12789420498602072, -0.3872368454807401, 0.06411390597145813, 0.14976705416326958, -0.22749696902462563, 0.18290257971057308, 0.659836243378707, 0.19998361897262174, -0.09500624946678972, 0.2637160620676678, -0.35867800229902036, -0.13503829797136774, -0.11147133288074094, 0.3157947199313989, 0.04377972029849356, 0.16299838052608054, 0.11679737230780532, -0.20013227783289064, -0.1656780398802488, -0.5713193807254904, 0.31064664634791456, -0.34302252062968136, -0.28121817686064515, 0.5041059935156845, -0.1595633581374801, 0.20315022518308504, 0.23783474563241191, -0.014969514386993767, -0.23521234019604512, -0.6014159390227463, 0.20395318661451767, 0.021090825177794828, -0.1588954095892978, -0.2693698389734078, -0.4980953082766716, 0.15333355073751137, -0.8492600038087278, 0.24496913572006251, 0.0059626082281182885, 0.15162231354812714, -0.628598832758393, -0.30946040326410507, 0.23129910975524787, 0.47334726106028413, -0.1758509267038646, 0.13956467641351047, 0.02109211907124134, 0.32120611239876806, -0.21615525187988338, 0.06978213471319444, -0.05657333306420932, -0.23170247473812533, -0.12344055688419994, -0.037536806171607505, 0.02257513619605476, 0.07296359845253955, -0.11218144580253905, 0.3692365819722425, -0.2402562165911346, -0.26215634728287585, 0.31458493212113275, 0.028511532807630642, 0.43172498137022225, -0.4635732626679307, 0.1149189140067869, -0.11383436013811635, -0.011419456974520547, -0.14115713677191433, -0.2337900046689579, 0.08354382247190484, 0.4496937742899128, -0.017024352503670594, -0.38671049119004236, 0.11458644588818498, 0.0012207786957504835, -0.2619472194120141, 0.25858404608248237, -0.09175231245791099, 0.3703377426699814, -0.26783764025185053, -0.15382050658923344, 0.289250497832348, 0.4304802185552557, -0.25756026057208314, -0.06451348835693073, -0.14152601604198745, 0.43739530283414363, 0.30632878491857973, 0.19249067130072287, 0.04034977501876665, 0.18666549171438288, 0.18433084941225925, -0.35031648149882344, 0.45671877330101407, -0.09296828734270289, -0.08875351481611848, 0.013511190019705755, 0.030009512873084503, -0.5193472808248374, 0.7521753564815367, -0.3232984907658645, 0.2774466698595532, 0.027613780487729188, -0.480432178792122, -0.12581585220245778, 0.02543336744535063, 0.36106607517301326, 0.16757799340564794, 0.023714467434708543, 0.15780743230389535, 0.3314966827923361, 0.7515370642105356, 0.4429758401244373, 0.1863455701694248, 0.08496044248634876, -0.45277081418515475, -0.036755990515876344, 0.19685853894712607, -0.06944952767879722, 0.12662377710008266, 0.13720640259529, 0.07621808114745973, 0.06999620712766634, 0.01745405242979189, 0.23372930771750983, 0.6095578366494627, -0.08052262544247614, -0.4749264432581975, -0.2900731582246073, -0.09623722106282252, 0.18982267536845632, -0.39049570784026705, 0.09016448838853675, -0.5518793677979346, -0.51206550461937, 0.06788291844872654, -0.21273183305764207, 0.5121400198104857, 0.16785544661407711, 0.20478611081863776, -0.8271135711408989, 0.10540396834336306, -0.08235255451910137, -0.1141400008775409, 0.0676915224301274, -0.32705822117245703, -0.029795789486447705, 0.34847686403081674, 0.32714827700834687, -0.24165926214441563, -0.3071082257738991, 0.42961287452167324, 0.4950324691656673, -0.23249345161129545, -0.25415095812419836, -0.16181055779785805, -0.2941291764389942, -0.6578963125248832, 0.2469540171492131, -0.1064089252105629, 0.15949097789569613, 0.2088859658959071, 0.034675973044044725, 0.17443248925218174, 